asv	RA Before	Patagonia air	Patagonia soil/rhizo	Malard SO Air	Malard SO over land	RA soil (re-aero)	rel_durpost	log2fc	best_rank	best_tax	Phylum	Class	Family	Genus	attribution
ASV00046	0.6666666666666666	0.4	0.6842105263157895	0	0	0.5873015873015873	7.935346751723165	2.5697311008295975	Genus	Genus:Leucothrix	Proteobacteria	Gammaproteobacteria	Thiotrichaceae	Leucothrix	Patagonian
ASV00093	0.5	0.1	0.10526315789473684	0	0	0.3492063492063492	3.415200037946841	2.4088444606112946	Genus	Genus:Cocleimonas	Proteobacteria	Gammaproteobacteria	Thiotrichaceae	Cocleimonas	Local re-aerosol
ASV00512	0.6666666666666666	0.45	0.5263157894736842	0.022058823529411766	0.17647058823529413	0.9841269841269841	3.233522905860968	2.5396628873807763	Family	Family:Saprospiraceae	Bacteroidota	Bacteroidia	Saprospiraceae	NA	Local re-aerosol
ASV00358	0.5	0.3	0.2631578947368421	0	0.058823529411764705	0.31746031746031744	2.203962313861354	2.292617896917959	Genus	Genus:Granulosicoccus	Proteobacteria	Gammaproteobacteria	Granulosicoccaceae	Granulosicoccus	Local re-aerosol
ASV00648	0.4166666666666667	0.1	0.05263157894736842	0	0	0.06349206349206349	1.0315520107359328	2.1729338117468333	Genus	Genus:Algitalea	Bacteroidota	Bacteroidia	Flavobacteriaceae	Algitalea	Unattributed
ASV00524	0.4166666666666667	0.15	0.05263157894736842	0.022058823529411766	0.11764705882352941	0.12698412698412698	0.944975350765339	2.4364791035739746	Genus	Genus:Rubritalea	Verrucomicrobiota	Verrucomicrobiae	Rubritaleaceae	Rubritalea	Unattributed
ASV01689	0.5	0.1	0.15789473684210525	0.007352941176470588	0.058823529411764705	0.1746031746031746	0.649371302706107	2.7302001153359954	Genus	Genus:Lewinella	Bacteroidota	Bacteroidia	Saprospiraceae	Lewinella	Unattributed
ASV00566	0.3333333333333333	0.25	0.05263157894736842	0	0.17647058823529413	0.20634920634920634	0.6393619026791004	2.6721043190569524	Genus	Genus:Sulfitobacter	Proteobacteria	Alphaproteobacteria	Rhodobacteraceae	Sulfitobacter	Patagonian
ASV00931	0.25	0.6	1	0.022058823529411766	0.17647058823529413	0.9841269841269841	0.6236637463254462	2.7149179361247615	Class	Class:Alphaproteobacteria	Proteobacteria	Alphaproteobacteria	NA	NA	Patagonian
ASV00457	0.4166666666666667	0.1	0.05263157894736842	0	0	0.031746031746031744	0.5901000783711056	2.1328372425527324	Species	Species:undariae	Proteobacteria	Alphaproteobacteria	Rhodobacteraceae	Sulfitobacter	Unattributed
ASV00545	0.4166666666666667	0.1	0.15789473684210525	0.007352941176470588	0.058823529411764705	0.07936507936507936	0.5654023767298618	2.3721272411295824	Genus	Genus:Yoonia-Loktanella	Proteobacteria	Alphaproteobacteria	Rhodobacteraceae	Yoonia-Loktanella	Unattributed
ASV01727	0.4166666666666667	0	0.15789473684210525	0.007352941176470588	0	0.09523809523809523	0.5630277552639057	2.351810679429543	Genus	Genus:Rubidimonas	Bacteroidota	Bacteroidia	Saprospiraceae	Rubidimonas	Unattributed
ASV02775	0.3333333333333333	0	0.05263157894736842	0.029411764705882353	0.058823529411764705	0.14285714285714285	0.4467034877741219	3.3944424277928373	Genus	Genus:Sva0996 marine group	Actinobacteriota	Acidimicrobiia	Microtrichaceae	Sva0996 marine group	Unattributed
ASV02858	0.25	0.5	0.8947368421052632	0.16176470588235295	0.35294117647058826	1	0.4298141732325492	3.6577110972846962	Class	Class:Gammaproteobacteria	Proteobacteria	Gammaproteobacteria	NA	NA	Local re-aerosol
ASV01067	0.3333333333333333	0.05	0.10526315789473684	0.029411764705882353	0.17647058823529413	0.047619047619047616	0.39328255039708365	2.7275591846015566	Genus	Genus:Roseibacillus	Verrucomicrobiota	Verrucomicrobiae	Rubritaleaceae	Roseibacillus	Unattributed
ASV00551	0.3333333333333333	0.05	0.05263157894736842	0.014705882352941176	0.058823529411764705	0.06349206349206349	0.38736205246368977	2.125650279686411	Genus	Genus:Marimicrobium	Proteobacteria	Gammaproteobacteria	Halieaceae	Marimicrobium	Unattributed
ASV00755	0.25	0	0	0.007352941176470588	0	0.1111111111111111	0.3822225294889658	2.853140499420377	Genus	Genus:Octadecabacter	Proteobacteria	Alphaproteobacteria	Rhodobacteraceae	Octadecabacter	Unattributed
ASV02506	0.16666666666666666	0.05	0.05263157894736842	0	0	0.07936507936507936	0.37661124129593415	2.345331965489125	Genus	Genus:Arenicella	Proteobacteria	Gammaproteobacteria	Arenicellaceae	Arenicella	Unattributed
ASV00402	0.16666666666666666	0.05	0.10526315789473684	0.08823529411764706	0.23529411764705882	0.19047619047619047	0.3611163692077728	2.3456216573521957	Genus	Genus:Blastopirellula	Planctomycetota	Planctomycetes	Pirellulaceae	Blastopirellula	Unattributed
ASV00814	0.3333333333333333	0.1	0	0	0	0.14285714285714285	0.30249988914862114	2.6087608550384767	Species	Species:balneolensis	Proteobacteria	Alphaproteobacteria	Hyphomonadaceae	Hellea	Unattributed
ASV02362	0.16666666666666666	0.4	1	0.0661764705882353	0.058823529411764705	1	0.28872289854462113	4.241167790643677	Order	Order:Chitinophagales	Bacteroidota	Bacteroidia	NA	NA	Patagonian
ASV04952	0.3333333333333333	0.1	0	0.014705882352941176	0.11764705882352941	0.19047619047619047	0.2667413076207147	2.001381793690521	Family	Family:DEV007	Verrucomicrobiota	Verrucomicrobiae	DEV007	NA	Unattributed
ASV01992	0.08333333333333333	0	0	0	0	0.015873015873015872	0.24676811558981873	3.5864074082564734	Genus	Genus:Desulfotalea	Desulfobacterota	Desulfobulbia	Desulfocapsaceae	Desulfotalea	Unattributed
ASV04390	0.08333333333333333	0.05	0.05263157894736842	0.022058823529411766	0	0.4444444444444444	0.22094650269757782	2.974037362101042	Order	Order:Absconditabacteriales (SR1)	Patescibacteria	Gracilibacteria	NA	NA	Local re-aerosol
ASV02517	0.16666666666666666	0.15	0.5789473684210527	0.04411764705882353	0.11764705882352941	0.9523809523809523	0.21839996934254596	2.4954026257641826	Family	Family:NS11-12 marine group	Bacteroidota	Bacteroidia	NS11-12 marine group	NA	Local re-aerosol
ASV02692	0.16666666666666666	0.05	0.05263157894736842	0.022058823529411766	0.11764705882352941	0.031746031746031744	0.21644732611595063	3.9491361179667974	Genus	Genus:Sulfurovum	Campylobacterota	Campylobacteria	Sulfurovaceae	Sulfurovum	Unattributed
ASV02263	0.08333333333333333	0	0.05263157894736842	0	0	0.07936507936507936	0.20873112343615693	4.107474770195389	Genus	Genus:Halocynthiibacter	Proteobacteria	Alphaproteobacteria	Rhodobacteraceae	Halocynthiibacter	Unattributed
ASV02176	0.25	0.15	0	0.03676470588235294	0.23529411764705882	0.06349206349206349	0.19553876701676226	3.0958944641542487	Genus	Genus:Maribacter	Bacteroidota	Bacteroidia	Flavobacteriaceae	Maribacter	Unattributed
ASV02659	0.3333333333333333	0.35	0.5263157894736842	0	0.058823529411764705	0.9841269841269841	0.19434063281837957	2.439353404087751	Family	Family:Microtrichaceae	Actinobacteriota	Acidimicrobiia	Microtrichaceae	NA	Local re-aerosol
ASV06007	0.16666666666666666	0.25	0.2631578947368421	0.014705882352941176	0.058823529411764705	0.8253968253968254	0.1928605318534578	3.7281082298741497	Genus	Genus:Peredibacter	Bdellovibrionota	Bdellovibrionia	Bacteriovoracaceae	Peredibacter	Local re-aerosol
ASV02118	0.25	0	0.05263157894736842	0.029411764705882353	0.058823529411764705	0.23809523809523808	0.18173138493107452	2.677650513156908	Genus	Genus:Truepera	Deinococcota	Deinococci	Trueperaceae	Truepera	Unattributed
ASV01914	0.08333333333333333	0.15	0.05263157894736842	0.022058823529411766	0	0.06349206349206349	0.16914928283441857	2.7342783275144518	Family	Family:Weeksellaceae	Bacteroidota	Bacteroidia	Weeksellaceae	NA	Unattributed
ASV01562	0.4166666666666667	0.1	0.05263157894736842	0	0	0.06349206349206349	0.15969958660690267	2.0899111527371157	Species	Species:aestuarii	Proteobacteria	Gammaproteobacteria	Colwelliaceae	Colwellia	Unattributed
ASV01896	0	0.1	0	0.007352941176470588	0.11764705882352941	0.23809523809523808	0.1426051503004482	3.568663601051031	Species	Species:nonamiensis	Actinobacteriota	Acidimicrobiia	Ilumatobacteraceae	Ilumatobacter	Unattributed
ASV02245	0.16666666666666666	0.05	0	0	0	0.015873015873015872	0.13411448167545093	3.0302870405653284	Genus	Genus:Desulforhopalus	Desulfobacterota	Desulfobulbia	Desulfocapsaceae	Desulforhopalus	Unattributed
ASV02992	0.16666666666666666	0	0.5263157894736842	0	0	0.25396825396825395	0.12878392867839705	2.2820875450231526	Family	Family:AB1	Proteobacteria	Alphaproteobacteria	AB1	NA	Patagonian
ASV03771	0.08333333333333333	0	0	0	0	0.015873015873015872	0.12723031649601169	2.3926078273767706	Genus	Genus:Roseobacter clade NAC11-7 lineage	Proteobacteria	Alphaproteobacteria	Rhodobacteraceae	Roseobacter clade NAC11-7 lineage	Unattributed
ASV01722	0.08333333333333333	0.05	0.05263157894736842	0.029411764705882353	0	0.06349206349206349	0.12268758849976046	4.0240746125497795	Genus	Genus:Litoreibacter	Proteobacteria	Alphaproteobacteria	Rhodobacteraceae	Litoreibacter	Unattributed
ASV02953	0.08333333333333333	0.05	0.3684210526315789	0.04411764705882353	0.058823529411764705	0.1111111111111111	0.12084710413251276	2.6066033747695267	Family	Family:Hyphomonadaceae	Proteobacteria	Alphaproteobacteria	Hyphomonadaceae	NA	Patagonian
ASV01387	0.08333333333333333	0.05	0	0	0	0.07936507936507936	0.11957373009285162	3.5571476120884333	Species	Species:marinus	Proteobacteria	Gammaproteobacteria	Granulosicoccaceae	Granulosicoccus	Unattributed
ASV01123	0.08333333333333333	0	0.2631578947368421	0.014705882352941176	0	0.30158730158730157	0.10614444876605067	2.6428090102595116	Class	Class:Bacteroidia	Bacteroidota	Bacteroidia	NA	NA	Local re-aerosol
ASV02557	0.08333333333333333	0	0.05263157894736842	0	0	0	0.10259697608507196	2.748134915301725	Genus	Genus:Perspicuibacter	Proteobacteria	Gammaproteobacteria	Arenicellaceae	Perspicuibacter	Unattributed
ASV03253	0.25	0.05	0	0	0	0.015873015873015872	0.09658122138076262	2.3031391868734983	Genus	Genus:Zobellia	Bacteroidota	Bacteroidia	Flavobacteriaceae	Zobellia	Unattributed
ASV02082	0	0.2	0.10526315789473684	0.007352941176470588	0.058823529411764705	0.5079365079365079	0.09383476663394237	4.255391144891626	Genus	Genus:Quadrisphaera	Actinobacteriota	Actinobacteria	Kineosporiaceae	Quadrisphaera	Local re-aerosol
ASV01645	0.3333333333333333	0.5	0.631578947368421	0.007352941176470588	0	0.8888888888888888	0.09128667644626103	5.168114763444837	Genus	Genus:Crossiella	Actinobacteriota	Actinobacteria	Pseudonocardiaceae	Crossiella	Local re-aerosol
ASV03728	0.08333333333333333	0	0	0	0.058823529411764705	0	0.09057616029978377	4.019330264544095	Genus	Genus:Marinagarivorans	Proteobacteria	Gammaproteobacteria	Cellvibrionaceae	Marinagarivorans	Unattributed
ASV01171	0.08333333333333333	0	0.05263157894736842	0	0	0.15873015873015872	0.08566593485554445	2.3356212813141974	Species	Species:vacuolata	Proteobacteria	Gammaproteobacteria	Comamonadaceae	Polaromonas	Unattributed
ASV04660	0.08333333333333333	0	0	0.007352941176470588	0.058823529411764705	0.031746031746031744	0.0828987490591645	2.9174278314582205	Genus	Genus:Roseovarius	Proteobacteria	Alphaproteobacteria	Rhodobacteraceae	Roseovarius	Unattributed
ASV05519	0.08333333333333333	0	0.10526315789473684	0.007352941176470588	0.058823529411764705	0.3333333333333333	0.08162409809430808	4.424268300761336	Genus	Genus:Taibaiella	Bacteroidota	Bacteroidia	Chitinophagaceae	Taibaiella	Local re-aerosol
ASV04102	0.08333333333333333	0	0	0.03676470588235294	0	0	0.07984104001683548	3.222804289008459	Genus	Genus:Amylibacter	Proteobacteria	Alphaproteobacteria	Rhodobacteraceae	Amylibacter	Unattributed
ASV03443	0.08333333333333333	0	0.05263157894736842	0	0	0.031746031746031744	0.07569093036199086	3.1342736780397966	Genus	Genus:Planktotalea	Proteobacteria	Alphaproteobacteria	Rhodobacteraceae	Planktotalea	Unattributed
ASV08103	0.08333333333333333	0.2	0.8947368421052632	0.014705882352941176	0.11764705882352941	0.9523809523809523	0.07091257436899753	7.121493180006586	Family	Family:Oligoflexaceae	Bdellovibrionota	Oligoflexia	Oligoflexaceae	NA	Local re-aerosol
ASV05916	0.16666666666666666	0	0.10526315789473684	0	0	0.09523809523809523	0.06984870519511585	2.0977913309545433	Order	Order:Ardenticatenales	Chloroflexi	Anaerolineae	NA	NA	Unattributed
ASV03552	0	0.35	0.8421052631578947	0.014705882352941176	0.058823529411764705	0.9523809523809523	0.0667126771668533	3.828622245322872	Genus	Genus:Rhodovastum	Proteobacteria	Alphaproteobacteria	Acetobacteraceae	Rhodovastum	Local re-aerosol
ASV09819	0.08333333333333333	0	0.21052631578947367	0.029411764705882353	0	0.49206349206349204	0.06651081161663262	2.440174670155215	Class	Class:Gracilibacteria	Patescibacteria	Gracilibacteria	NA	NA	Local re-aerosol
ASV05780	0.16666666666666666	0.05	0	0.022058823529411766	0.058823529411764705	0.031746031746031744	0.06580591350277125	2.359250931398792	Genus	Genus:Vicingus	Bacteroidota	Bacteroidia	Cryomorphaceae	Vicingus	Unattributed
ASV02924	0.16666666666666666	0.05	0	0.007352941176470588	0	0.015873015873015872	0.06578308809854622	2.1225442896063282	Genus	Genus:Moritella	Proteobacteria	Gammaproteobacteria	Moritellaceae	Moritella	Unattributed
ASV03571	0	0	0.05263157894736842	0	0	0.015873015873015872	0.06300790816216341	2.201654260852295	Genus	Genus:Hellea	Proteobacteria	Alphaproteobacteria	Hyphomonadaceae	Hellea	Unattributed
ASV04077	0.16666666666666666	0	0.15789473684210525	0.022058823529411766	0.11764705882352941	0.6666666666666666	0.061987681605309826	2.671889199547317	Order	Order:WCHB1-41	Verrucomicrobiota	Kiritimatiellae	NA	NA	Local re-aerosol
ASV00142	0.16666666666666666	0.05	0.05263157894736842	0.3088235294117647	0.5882352941176471	0.1111111111111111	0.05542972607419532	3.7453725955260717	Genus	Genus:Haemophilus	Proteobacteria	Gammaproteobacteria	Pasteurellaceae	Haemophilus	Marine
ASV04426	0.16666666666666666	0.35	1	0.051470588235294115	0.23529411764705882	1	0.053171140604723124	3.0877251133556824	Genus	Genus:Bdellovibrio	Bdellovibrionota	Bdellovibrionia	Bdellovibrionaceae	Bdellovibrio	Patagonian
ASV04812	0.16666666666666666	0.35	1	0.007352941176470588	0.11764705882352941	1	0.050335787311251885	4.427143986674185	Genus	Genus:Legionella	Proteobacteria	Gammaproteobacteria	Legionellaceae	Legionella	Patagonian
ASV07856	0.08333333333333333	0	0	0	0	0.015873015873015872	0.04816416155782621	2.965942907546785	Genus	Genus:Halioglobus	Proteobacteria	Gammaproteobacteria	Halieaceae	Halioglobus	Unattributed
ASV02704	0	0.1	0	0.022058823529411766	0.058823529411764705	0.873015873015873	0.048126184866495905	3.167019016741103	Family	Family:Rubinisphaeraceae	Planctomycetota	Planctomycetes	Rubinisphaeraceae	NA	Local re-aerosol
ASV03046	0	0	0	0.029411764705882353	0.058823529411764705	0.3333333333333333	0.04447704881701839	4.369005272570556	Genus	Genus:Arcicella	Bacteroidota	Bacteroidia	Spirosomaceae	Arcicella	Local re-aerosol
ASV02982	0.08333333333333333	0.15	0	0.007352941176470588	0	0.015873015873015872	0.04415151661730657	2.6547235008584114	Genus	Genus:Paraglaciecola	Proteobacteria	Gammaproteobacteria	Alteromonadaceae	Paraglaciecola	Unattributed
ASV09055	0.08333333333333333	0.15	0.05263157894736842	0.022058823529411766	0	0.12698412698412698	0.042750221171871605	3.702775707005267	Family	Family:Stappiaceae	Proteobacteria	Alphaproteobacteria	Stappiaceae	NA	Unattributed
ASV12282	0	0	0	0.007352941176470588	0	0	0.04268227881566872	2.6328412141862665	Order	Order:UBA10353 marine group	Proteobacteria	Gammaproteobacteria	NA	NA	Unattributed
ASV07764	0.16666666666666666	0	0	0	0	0.015873015873015872	0.041947761221343666	2.58133302245578	Genus	Genus:Wenyingzhuangia	Bacteroidota	Bacteroidia	Flavobacteriaceae	Wenyingzhuangia	Unattributed
ASV03990	0.16666666666666666	0.2	0.05263157894736842	0.03676470588235294	0.23529411764705882	0.2222222222222222	0.041139342108883634	2.1801840729686934	Family	Family:Cyclobacteriaceae	Bacteroidota	Bacteroidia	Cyclobacteriaceae	NA	Unattributed
ASV04999	0.08333333333333333	0	0	0	0	0.015873015873015872	0.04108284860472641	4.282396006353109	Genus	Genus:Aquimarina	Bacteroidota	Bacteroidia	Flavobacteriaceae	Aquimarina	Unattributed
ASV01334	0	0	0	0.051470588235294115	0	0	0.04091665957431982	3.5404674746430067	Genus	Genus:Glaciecola	Proteobacteria	Gammaproteobacteria	Alteromonadaceae	Glaciecola	Unattributed
ASV05219	0.08333333333333333	0	0	0	0	0.015873015873015872	0.040209104599729886	2.050504000383256	Genus	Genus:Lentilitoribacter	Proteobacteria	Alphaproteobacteria	Rhizobiaceae	Lentilitoribacter	Unattributed
ASV00725	0	0.05	0.15789473684210525	0.125	0.11764705882352941	0.07936507936507936	0.0391534665749747	8.616676257528887	Genus	Genus:Citrobacter	Proteobacteria	Gammaproteobacteria	Enterobacteriaceae	Citrobacter	Unattributed
ASV00883	0.08333333333333333	0	0	0.022058823529411766	0.17647058823529413	0.5873015873015873	0.033524377147903635	2.655745551839268	Species	Species:ginsengisoli	Proteobacteria	Gammaproteobacteria	Rhodanobacteraceae	Rhodanobacter	Local re-aerosol
ASV12360	0	0.05	0	0	0	0	0.03245968705894262	5.455117139983753	Genus	Genus:Pibocella	Bacteroidota	Bacteroidia	Flavobacteriaceae	Pibocella	Unattributed
ASV04284	0.08333333333333333	0	0	0.014705882352941176	0.058823529411764705	0.015873015873015872	0.03239311749304686	2.1533637728199007	Family	Family:OM182 clade	Proteobacteria	Gammaproteobacteria	OM182 clade	NA	Unattributed
ASV01337	0	0.8	0.9473684210526315	0.029411764705882353	0.058823529411764705	0.6190476190476191	0.032301660482474986	8.339923938330564	Genus	Genus:Granulicella	Acidobacteriota	Acidobacteriae	Acidobacteriaceae (Subgroup 1)	Granulicella	Patagonian
ASV01602	0	0.35	0.7368421052631579	0.007352941176470588	0	0.9682539682539683	0.0322818049133446	4.246112844586127	Class	Class:Actinobacteria	Actinobacteriota	Actinobacteria	NA	NA	Local re-aerosol
ASV04098	0.08333333333333333	0.1	0	0.03676470588235294	0.11764705882352941	0.047619047619047616	0.032012847750415505	3.7473408636439247	Genus	Genus:BD1-7 clade	Proteobacteria	Gammaproteobacteria	Spongiibacteraceae	BD1-7 clade	Unattributed
ASV19314	0	0.1	0.15789473684210525	0.014705882352941176	0.058823529411764705	0.20634920634920634	0.031011336669649	8.281296570029443	Family	Family:Rhodothermaceae	Bacteroidota	Rhodothermia	Rhodothermaceae	NA	Unattributed
ASV02103	0.08333333333333333	0	0	0.04411764705882353	0	0	0.030914845146668136	2.417643325818725	Genus	Genus:Nonlabens	Bacteroidota	Bacteroidia	Flavobacteriaceae	Nonlabens	Unattributed
ASV06420	0	0.6	0.5789473684210527	0.007352941176470588	0	0.6825396825396826	0.030389064809209613	3.053922301089309	Phylum	Phylum:Proteobacteria	Proteobacteria	NA	NA	NA	Local re-aerosol
ASV06322	0	0.05	0	0	0	0.015873015873015872	0.028887419659459616	4.920452859194293	Species	Species:temperatus	Proteobacteria	Alphaproteobacteria	Rhodobacteraceae	Octadecabacter	Unattributed
ASV09701	0.08333333333333333	0	0	0	0	0	0.028441569360188237	2.1280930955648327	Genus	Genus:HTCC5015	Proteobacteria	Gammaproteobacteria	Arenicellaceae	HTCC5015	Unattributed
ASV13482	0	0	0	0	0	0	0.025385420829607975	5.592609411678231	Genus	Genus:Jannaschia	Proteobacteria	Alphaproteobacteria	Rhodobacteraceae	Jannaschia	Unattributed
ASV13757	0	0	0	0	0	0.015873015873015872	0.025366067594800194	7.992432389297187	Genus	Genus:Taeseokella	Bacteroidota	Bacteroidia	Spirosomaceae	Taeseokella	Unattributed
ASV13680	0.08333333333333333	0.05	0	0	0	0	0.02494286475020687	2.128412995822677	Family	Family:Pseudoalteromonadaceae	Proteobacteria	Gammaproteobacteria	Pseudoalteromonadaceae	NA	Unattributed
ASV03566	0	0	0	0.04411764705882353	0	0.015873015873015872	0.024860592132894488	4.2174213861782555	Genus	Genus:Aliivibrio	Proteobacteria	Gammaproteobacteria	Vibrionaceae	Aliivibrio	Unattributed
ASV07485	0	0.1	0.47368421052631576	0	0	0.8253968253968254	0.024612994942139726	3.5767929185735903	Phylum	Phylum:Patescibacteria	Patescibacteria	NA	NA	NA	Local re-aerosol
ASV07156	0	0	0.05263157894736842	0.007352941176470588	0	0.30158730158730157	0.024507758163700388	2.820539003241633	Genus	Genus:Candidatus Megaira	Proteobacteria	Alphaproteobacteria	Rickettsiaceae	Candidatus Megaira	Local re-aerosol
ASV07174	0.08333333333333333	0	0.8421052631578947	0.014705882352941176	0	0.7777777777777778	0.023737299312640715	6.017218225943882	Family	Family:Simkaniaceae	Verrucomicrobiota	Chlamydiae	Simkaniaceae	NA	Patagonian
ASV07405	0.08333333333333333	0.05	0.05263157894736842	0.022058823529411766	0	0.031746031746031744	0.023503070725079622	3.904887009708209	Genus	Genus:Rubripirellula	Planctomycetota	Planctomycetes	Pirellulaceae	Rubripirellula	Unattributed
ASV17222	0	0	0	0	0	0	0.022042884189139807	7.790699340275598	Genus	Genus:Dellaglioa	Firmicutes	Bacilli	Lactobacillaceae	Dellaglioa	Unattributed
ASV07493	0.16666666666666666	0	0	0	0	0	0.02150059198684355	2.444769824040659	Family	Family:Marinifilaceae	Bacteroidota	Bacteroidia	Marinifilaceae	NA	Unattributed
ASV09114	0	0	0	0	0	0	0.02121755199032933	2.640783341381664	Species	Species:profundi	Verrucomicrobiota	Verrucomicrobiae	Rubritaleaceae	Rubritalea	Unattributed
ASV06404	0	0	0.631578947368421	0.022058823529411766	0.11764705882352941	0.20634920634920634	0.02083130764942441	3.4625464095936977	Family	Family:Unknown Family	Proteobacteria	Gammaproteobacteria	Unknown Family	NA	Patagonian
ASV08357	0	0.05	0	0	0	0	0.020636032951698226	3.5153028260439005	Species	Species:asteriadis	Proteobacteria	Gammaproteobacteria	Colwelliaceae	Colwellia	Unattributed
ASV10348	0	0.15	0	0	0.058823529411764705	0.06349206349206349	0.02054206181876475	7.689443270378208	Genus	Genus:Herbiconiux	Actinobacteriota	Actinobacteria	Microbacteriaceae	Herbiconiux	Unattributed
ASV00530	0.08333333333333333	0.2	0.10526315789473684	0.3161764705882353	0.35294117647058826	0.23809523809523808	0.020476547064807685	5.6303080112128425	Genus	Genus:Pseudarcobacter	Campylobacterota	Campylobacteria	Arcobacteraceae	Pseudarcobacter	Marine
ASV19926	0	0	0.05263157894736842	0	0	0.07936507936507936	0.02032151837834414	7.673946327071206	Family	Family:Bacteriovoracaceae	Bdellovibrionota	Bdellovibrionia	Bacteriovoracaceae	NA	Unattributed
ASV23574	0	0	0	0	0	0	0.01991816476301772	7.6451659057739265	Species	Species:arcachonense	Campylobacterota	Campylobacteria	Sulfurospirillaceae	Sulfurospirillum	Unattributed
ASV01353	0.08333333333333333	0.05	0	0.029411764705882353	0	0	0.019829605291806347	2.021038431693449	Genus	Genus:Dokdonia	Bacteroidota	Bacteroidia	Flavobacteriaceae	Dokdonia	Unattributed
ASV05509	0	0	0.21052631578947367	0.014705882352941176	0.11764705882352941	0.42857142857142855	0.018669628777343916	7.552256306838499	Family	Family:KI89A clade	Proteobacteria	Gammaproteobacteria	KI89A clade	NA	Local re-aerosol
ASV02106	0.08333333333333333	0	0.10526315789473684	0	0	0.4444444444444444	0.01817738691518487	2.608708503447923	Order	Order:PeM15	Actinobacteriota	Actinobacteria	NA	NA	Local re-aerosol
ASV10530	0	0	0	0	0	0.06349206349206349	0.017624275632513155	3.7944630052102033	Order	Order:D90	Proteobacteria	Gammaproteobacteria	NA	NA	Unattributed
ASV24819	0	0	0	0	0	0	0.017504038666364664	4.049267120406844	Order	Order:Candidatus Campbellbacteria	Patescibacteria	Parcubacteria	NA	NA	Unattributed
ASV09251	0	0.05	0.05263157894736842	0	0	0.031746031746031744	0.01711906874346186	4.536037426260031	Family	Family:Arenicellaceae	Proteobacteria	Gammaproteobacteria	Arenicellaceae	NA	Unattributed
ASV16042	0	0	0	0	0	0.015873015873015872	0.017100771282635065	7.4263294466023915	Genus	Genus:Lutimonas	Bacteroidota	Bacteroidia	Flavobacteriaceae	Lutimonas	Unattributed
ASV00947	0.08333333333333333	0.2	0.8947368421052632	0.051470588235294115	0.058823529411764705	1	0.017057537607415185	3.911889450348393	Genus	Genus:Candidatus Protochlamydia	Verrucomicrobiota	Chlamydiae	Parachlamydiaceae	Candidatus Protochlamydia	Local re-aerosol
ASV06586	0.08333333333333333	0.1	0.10526315789473684	0.03676470588235294	0.11764705882352941	0.31746031746031744	0.016835802538605543	5.047700499312345	Order	Order:Micavibrionales	Proteobacteria	Alphaproteobacteria	NA	NA	Local re-aerosol
ASV01150	0.08333333333333333	0.2	0.8947368421052632	0.029411764705882353	0.058823529411764705	0.9365079365079365	0.016128193600477517	2.9332513680087704	Phylum	Phylum:Desulfobacterota	Desulfobacterota	NA	NA	NA	Local re-aerosol
ASV06145	0	0	0.05263157894736842	0.022058823529411766	0.11764705882352941	0.8095238095238095	0.01576417573466987	3.2713929729360784	Genus	Genus:Rhodopirellula	Planctomycetota	Planctomycetes	Pirellulaceae	Rhodopirellula	Local re-aerosol
ASV17608	0	0	0.05263157894736842	0	0	0.06349206349206349	0.015748552215259764	4.222028011293651	Genus	Genus:Filomicrobium	Proteobacteria	Alphaproteobacteria	Hyphomicrobiaceae	Filomicrobium	Unattributed
ASV06880	0.08333333333333333	0.2	0.47368421052631576	0.03676470588235294	0.11764705882352941	0.3333333333333333	0.015686202307873928	3.984731966682759	Genus	Genus:Woeseia	Proteobacteria	Gammaproteobacteria	Woeseiaceae	Woeseia	Patagonian
ASV04299	0	0	0	0.014705882352941176	0	0	0.015535318471645592	5.2144861607224975	Species	Species:faecimaris	Proteobacteria	Alphaproteobacteria	Rhodobacteraceae	Jannaschia	Unattributed
ASV05186	0	0.35	0.8421052631578947	0.007352941176470588	0.058823529411764705	1	0.014608437223528425	5.559467036581431	Phylum	Phylum:SAR324 clade(Marine group B)	SAR324 clade(Marine group B)	NA	NA	NA	Local re-aerosol
ASV06225	0	0.05	0	0	0	0	0.014163270718744682	3.2769155375052144	Species	Species:litoralis	Bacteroidota	Bacteroidia	Flavobacteriaceae	Aquimarina	Unattributed
ASV01899	0.08333333333333333	0	0	0.029411764705882353	0.17647058823529413	0.031746031746031744	0.013933116560858438	3.54975123088595	Species	Species:flavimaris	Proteobacteria	Alphaproteobacteria	Sphingomonadaceae	Sphingorhabdus	Unattributed
ASV07419	0	0.05	0	0.022058823529411766	0	0	0.013550941157467118	4.2010307269725535	Family	Family:NS7 marine group	Bacteroidota	Bacteroidia	NS7 marine group	NA	Unattributed
ASV01936	0.08333333333333333	0	0	0.03676470588235294	0.058823529411764705	0	0.013084031414572931	3.6686202249411743	Genus	Genus:NS4 marine group	Bacteroidota	Bacteroidia	Flavobacteriaceae	NS4 marine group	Unattributed
ASV09681	0.08333333333333333	0	0	0	0	0.015873015873015872	0.012588461202079392	2.3284048610905423	Species	Species:flava	Bacteroidota	Bacteroidia	Flavobacteriaceae	Dokdonia	Unattributed
ASV09538	0	0	0	0	0	0.07936507936507936	0.012398237432033091	6.965580842473315	Family	Family:Rubritaleaceae	Verrucomicrobiota	Verrucomicrobiae	Rubritaleaceae	NA	Unattributed
ASV15222	0	0	0	0.007352941176470588	0.058823529411764705	0.031746031746031744	0.012347550433622938	6.959718050544447	Genus	Genus:Peptoclostridium	Firmicutes	Clostridia	Peptostreptococcaceae	Peptoclostridium	Unattributed
ASV12490	0.08333333333333333	0	0	0.007352941176470588	0.058823529411764705	0.031746031746031744	0.012226293400856259	3.147103149276563	Family	Family:PS1 clade	Proteobacteria	Alphaproteobacteria	PS1 clade	NA	Unattributed
ASV18743	0	0	0	0	0	0.015873015873015872	0.011737989330280424	6.887280251352499	Genus	Genus:Ahrensia	Proteobacteria	Alphaproteobacteria	Rhizobiaceae	Ahrensia	Unattributed
ASV17183	0	0	0	0	0	0	0.01165997730786392	6.877741466117048	Genus	Genus:Roseobacter	Proteobacteria	Alphaproteobacteria	Rhodobacteraceae	Roseobacter	Unattributed
ASV00398	0	0.1	0.05263157894736842	0.1323529411764706	0.17647058823529413	0.38095238095238093	0.010794368545144352	6.767438767762305	Genus	Genus:Limnohabitans	Proteobacteria	Gammaproteobacteria	Comamonadaceae	Limnohabitans	Local re-aerosol
ASV05297	0	0.05	0.7368421052631579	0.014705882352941176	0.23529411764705882	0.14285714285714285	0.010547126136829276	6.734320261760933	Family	Family:Fibrobacteraceae	Fibrobacterota	Fibrobacteria	Fibrobacteraceae	NA	Patagonian
ASV05421	0	0	0	0.014705882352941176	0	0	0.010512710918699842	2.9384413007513834	Genus	Genus:Psychroserpens	Bacteroidota	Bacteroidia	Flavobacteriaceae	Psychroserpens	Unattributed
ASV11074	0	0	0	0	0	0	0.010093164469874795	2.5429346255967338	Phylum	Phylum:Fibrobacterota	Fibrobacterota	NA	NA	NA	Unattributed
ASV03527	0	0	0	0.014705882352941176	0.11764705882352941	0	0.010061547373692902	6.6669762984176195	Genus	Genus:Pseudofulvibacter	Bacteroidota	Bacteroidia	Flavobacteriaceae	Pseudofulvibacter	Unattributed
ASV03904	0	0.15	0.15789473684210525	0.058823529411764705	0.17647058823529413	0.6190476190476191	0.009916319008685417	6.646208606131479	Genus	Genus:OM27 clade	Bdellovibrionota	Bdellovibrionia	Bdellovibrionaceae	OM27 clade	Local re-aerosol
ASV03823	0.08333333333333333	0	0	0	0	0	0.009716587978679024	3.0291571031450033	Genus	Genus:Ascidiaceihabitans	Proteobacteria	Alphaproteobacteria	Rhodobacteraceae	Ascidiaceihabitans	Unattributed
ASV05073	0	0.05	0.15789473684210525	0.014705882352941176	0.058823529411764705	0.09523809523809523	0.009161187295376532	6.533125255473181	Species	Species:illinoisensis	Proteobacteria	Gammaproteobacteria	Moraxellaceae	Alkanindiges	Unattributed
ASV03113	0	0	0	0	0.17647058823529413	0.015873015873015872	0.008962259186665714	6.5017988483705285	Species	Species:antarctica	Proteobacteria	Gammaproteobacteria	Saccharospirillaceae	Oleispira	Unattributed
ASV10402	0	0	0	0	0	0.015873015873015872	0.008592015290709073	3.182788560417685	Family	Family:Francisellaceae	Proteobacteria	Gammaproteobacteria	Francisellaceae	NA	Unattributed
ASV00140	0	0.35	1	0	0	0.9523809523809523	0.008171728303105991	6.3701168939107315	Genus	Genus:Desulfosporosinus	Firmicutes	Desulfitobacteriia	Desulfitobacteriaceae	Desulfosporosinus	Patagonian
ASV17186	0	0	0	0.007352941176470588	0	0	0.007878286479266588	6.3180070226239	Order	Order:Campylobacterales	Campylobacterota	Campylobacteria	NA	NA	Unattributed
ASV26472	0	0.05	0	0	0	0.015873015873015872	0.007860962465079314	3.3407726282722927	Genus	Genus:Aquibacter	Bacteroidota	Bacteroidia	Flavobacteriaceae	Aquibacter	Unattributed
ASV00184	0.16666666666666666	0.65	1	0.04411764705882353	0.17647058823529413	1	0.0077033579203998805	3.1369179561115317	Order	Order:IMCC26256	Actinobacteriota	Acidimicrobiia	NA	NA	Patagonian
ASV00171	0	0.8	1	0.029411764705882353	0	0.8095238095238095	0.00768078770375567	4.008834560044874	Genus	Genus:Acidothermus	Actinobacteriota	Actinobacteria	Acidothermaceae	Acidothermus	Patagonian
ASV02556	0	0.1	0.8947368421052632	0.014705882352941176	0.11764705882352941	0.9841269841269841	0.00754963502978448	6.25731901219845	Class	Class:Parcubacteria	Patescibacteria	Parcubacteria	NA	NA	Local re-aerosol
ASV01626	0.16666666666666666	0.2	1	0.07352941176470588	0.058823529411764705	0.9682539682539683	0.007398707787196755	2.814051109976676	Order	Order:Burkholderiales	Proteobacteria	Gammaproteobacteria	NA	NA	Patagonian
ASV00431	0.25	0.35	0.9473684210526315	0.022058823529411766	0.17647058823529413	1	0.006995045995358855	2.495256686433969	Genus	Genus:Rhodanobacter	Proteobacteria	Gammaproteobacteria	Rhodanobacteraceae	Rhodanobacter	Local re-aerosol
ASV16491	0	0.05	0	0	0	0	0.0069052503730085615	4.689724427316804	Species	Species:lutea	Actinobacteriota	Actinobacteria	Demequinaceae	Demequina	Unattributed
ASV00436	0	0.5	0.9473684210526315	0.051470588235294115	0.17647058823529413	0.9841269841269841	0.006801443076667298	2.432659033321697	Genus	Genus:Rhizobacter	Proteobacteria	Gammaproteobacteria	Comamonadaceae	Rhizobacter	Local re-aerosol
ASV27687	0	0	0	0	0	0	0.006506299157373628	6.045770396494933	Genus	Genus:Desulfocapsa	Desulfobacterota	Desulfobulbia	Desulfocapsaceae	Desulfocapsa	Unattributed
ASV19609	0	0	0	0.007352941176470588	0	0	0.00629462899331583	5.998788753442239	Family	Family:Marinilabiliaceae	Bacteroidota	Bacteroidia	Marinilabiliaceae	NA	Unattributed
ASV05269	0	0	0	0	0.058823529411764705	0.031746031746031744	0.0062198789672119935	4.330740106622717	Species	Species:faecale	Bacteroidota	Bacteroidia	Flavobacteriaceae	Flavobacterium	Unattributed
ASV15869	0	0	0.3684210526315789	0	0	0.5873015873015873	0.005799460040581655	5.882511009968006	Order	Order:Candidatus Peregrinibacteria	Patescibacteria	Gracilibacteria	NA	NA	Local re-aerosol
ASV08676	0	0.05	0.10526315789473684	0.03676470588235294	0	0.015873015873015872	0.0056448759594235265	5.844203838123161	Genus	Genus:Desulfobulbus	Desulfobacterota	Desulfobulbia	Desulfobulbaceae	Desulfobulbus	Unattributed
ASV00889	0	0.65	1	0.25	0.35294117647058826	1	0.005622312552613123	5.838526394678863	Family	Family:WD2101 soil group	Planctomycetota	Phycisphaerae	WD2101 soil group	NA	Patagonian
ASV21668	0	0	0	0	0	0	0.0055603889078521635	4.772955522950549	Species	Species:litoralis	Proteobacteria	Gammaproteobacteria	Unknown Family	Marinicella	Unattributed
ASV18203	0	0.05	0	0	0	0	0.0055490324108863	2.562500379873638	Genus	Genus:Photobacterium	Proteobacteria	Gammaproteobacteria	Vibrionaceae	Photobacterium	Unattributed
ASV00386	0	0.5	1	0.007352941176470588	0	0.9682539682539683	0.005238067019653549	5.738245513577217	Genus	Genus:Hyphomicrobium	Proteobacteria	Alphaproteobacteria	Hyphomicrobiaceae	Hyphomicrobium	Patagonian
ASV00396	0	0.7	1	0.03676470588235294	0.058823529411764705	1	0.004838241725152134	3.9848924314099503	Class	Class:Acidimicrobiia	Actinobacteriota	Acidimicrobiia	NA	NA	Patagonian
ASV00189	0	0.45	0.9473684210526315	0.058823529411764705	0.058823529411764705	1	0.004261249989248426	4.396796032227399	Genus	Genus:Ellin6067	Proteobacteria	Gammaproteobacteria	Nitrosomonadaceae	Ellin6067	Local re-aerosol
ASV04371	0	0	0	0.007352941176470588	0	0	0.003711048773325649	5.2521161665863225	Genus	Genus:Desulfopila	Desulfobacterota	Desulfobulbia	Desulfocapsaceae	Desulfopila	Unattributed
ASV03798	0	0.15	0.9473684210526315	0.022058823529411766	0.058823529411764705	1	0.003673013863082789	4.187771744377483	Genus	Genus:Aquicella	Proteobacteria	Gammaproteobacteria	Diplorickettsiaceae	Aquicella	Local re-aerosol
ASV17009	0	0	0	0	0	0	0.0032487554105998695	5.065553101926064	Genus	Genus:Actibacter	Bacteroidota	Bacteroidia	Flavobacteriaceae	Actibacter	Unattributed
ASV12777	0	0.05	0.2631578947368421	0	0.058823529411764705	0.42857142857142855	0.0030709264097320355	4.986832490920534	Order	Order:Candidatus Kaiserbacteria	Patescibacteria	Parcubacteria	NA	NA	Local re-aerosol
ASV30921	0	0	0	0	0	0.015873015873015872	0.0029621816847312027	2.269335362611255	Genus	Genus:[Eubacterium] fissicatena group	Firmicutes	Clostridia	Lachnospiraceae	[Eubacterium] fissicatena group	Unattributed
ASV28383	0	0	0	0	0	0	0.002272080805969648	4.568081251645653	Family	Family:Gven-F17	Proteobacteria	Gammaproteobacteria	Gven-F17	NA	Unattributed
ASV00063	0.08333333333333333	0.3	0.3684210526315789	0.007352941176470588	0	1	0.0018896488463189056	2.3112114850108445	Species	Species:multiformis	Proteobacteria	Gammaproteobacteria	Nitrosomonadaceae	Nitrosospira	Local re-aerosol
ASV00264	0.08333333333333333	0.1	0.2631578947368421	0.03676470588235294	0.11764705882352941	0.5396825396825397	0.001646544059183373	2.123200690756258	Species	Species:micromati	Bacteroidota	Bacteroidia	Flavobacteriaceae	Flavobacterium	Local re-aerosol
ASV00763	0	0.35	0.8947368421052632	0.058823529411764705	0	0.9682539682539683	0.0015429156668406096	4.038186521521393	Genus	Genus:Terrimonas	Bacteroidota	Bacteroidia	Chitinophagaceae	Terrimonas	Local re-aerosol
ASV01076	0	0	0.05263157894736842	0.09558823529411764	0.17647058823529413	0.1111111111111111	0.0014661678712424083	3.9691669524900965	Genus	Genus:Pseudohongiella	Proteobacteria	Gammaproteobacteria	Pseudohongiellaceae	Pseudohongiella	Unattributed
