Patagonia_Air	Patagonia_Terrestrial	Risopatron_Local	Malard_SO_Air	Unknown	sample_id
0.35955237725938566	1.6846506746187102e-9	0.03676908976134419	0.04818876704964897	0.55548976424497	RA1
0.6304312984072639	1.3841968736528657e-13	0.049278999818226796	0.044231852634392596	0.276057849139978	RA10
0.7948886187883293	2.9737127147194145e-6	0.002111292626317591	0.0032651597263267376	0.199731955146312	RA11
0.6673701992197782	0.0010171156282369647	0.03176361251215916	0.05356182216907031	0.246287250470755	RA12
0.35260526656492835	0.004660322180337775	0.07068962567054597	0.0976198058085108	0.474424979775678	RA13
0.06955402668056432	2.2198771053341045e-58	0.033718081396265163	0.12309385451956376	0.773634037403607	RA14
0.10007877558958055	3.134527347748e-9	0.04767046436026762	0.1071700189701833	0.745080737945441	RA15
0.09717699215894274	1.3983009566500008e-11	0.02736557231581178	0.04638973570373072	0.829067699807531	RA16
0.013797375098772326	0.001915167473917714	0.012142109352003695	0.056179154960173616	0.915966193115133	RA17
0.053758431210304866	6.819157301758654e-7	0.007104602321314242	0.10387440771237093	0.83526187684028	RA18
0.06626664278360049	5.395642410773144e-10	0.0259896260446856	0.10819701270503518	0.799546717927115	RA19
0.8009294286514742	7.304249934331482e-10	0.012156148208610907	0.012185605641443636	0.174728816768046	RA2
0.3076044655573667	0.001030719558995989	0.030142873665468244	0.07828250946275865	0.58293943175541	RA20
0.5855257313436075	0.002274568460921719	0.018270311462228985	0.05234784332833149	0.34158154540491	RA21
0.10807025844146823	0.001118979097422932	0.02670353749229573	0.07134195653807136	0.792765268430742	RA22
0.048481552325588026	0.0035020149843190563	0.04110848142823733	0.07144740496877337	0.835460546293082	RA23
0.305222822725881	0.004565765989210669	0.01463581715169394	0.14276644337197886	0.532809150761235	RA24
0.5572780134595043	1.1284721441878754e-27	0.09415715798206867	0.05361755211419433	0.294947276444232	RA3
0.6987297560496581	1.25537883171744e-10	0.037311311086542925	0.012050654234040805	0.25190827850422	RA4
0.5290232184858842	0.0010685061115834184	0.038959620858304594	0.01813453047249606	0.412814124071732	RA5
0.6179139788736719	1.0883158333108997e-25	0.02285189058308599	0.020532543629291862	0.338701586913951	RA6
0.14916466638031964	2.961201622523055e-4	0.043029713625878874	0.023466087725055765	0.784043412106493	RA7
0.8083936808788303	0.00100200400801603	0.010593029823836204	0.003384398807984066	0.176626886481334	RA8
0.2125725790564384	0.002076103083343534	0.022450862303981228	0.04845973601036618	0.71444071954587	RA9
