marker	median_aa_len	n_ref
ATP-citrate_lyase_AclB	433	68
Acetyl_CoA_synthase_AcsB_99	708	371
Ammonia-forming_nitrite_reductase_NrfA	490	162
Ammonia_monooxygenase_amoA	274	66
Anaerobic_carbon_monoxide_dehydrogenase_CooS	644	300
Anaerobic_sulfite_reductase_AsrA	345	84
Arsenate_reductase_ArsC	119	20286
Arsenite_oxidase_ARO	836	543
Carbon_monoxide_dehydrogenase_CoxL	800	709
Copper_containing_nitrite_reductase_NirK	405	338
Crenarchaeotal_4-hydroxybutyryl-CoA_synthetase_HbsC	478	12
Cytochrome_aa3_oxidase_CoxA	566	22832
Cytochrome_bd_oxidase_CydA	475	36188
Cytochrome_bo3_oxidase_CyoA	315	8201
Cytochrome_cbb3_oxidase_CcoN	481	11042
Cytochrome_cd1_nitrite_reductase_NirS_sequence	580	164
Decaheme_iron_reductase_MtrB	706	41
Dissimilatory_nitrate_reductase_NarG	1258	277
Dissimilatory_sulfite_reductase_DsrA	425	275
F-type_ATP_synthase_AtpA	513	26036
FeFe_hydrogenase	219	1221
Fe_hydrogenase	345	25
Flavocytochrome_c_sulfide_dehydrogenase_FCC	433	99
Formate_dehydrogenase_FdhA	964	12830
Fumarate_reductase_FrdA	598	46
Hydrazine_synthase_HzsA	809	14
Iron_oxidising_cytochrome_Cyc2	452	111
Isoprene_monooxygenase_subunit_A	506	26
Malonyl-CoA_reductase_Mcr	1238	6
Methyl_CoM_reductase_McrA	556	195
Microbial_rhodopsin_RHO	260	189
NADH-ubiquinone_oxidoreductase_NuoF	445	6348
NiFe_hydrogenase	504	2015
Nitric_oxide_reductase_NorB	766	330
Nitrite_oxidoreductase_NxrA	1153	32
Nitrogenase_NifH_99	290	1271
Nitrous_oxide_reductase_NosZ	661	403
Particulate_methane_monooxygenase_PmoA	249	85
Periplasmic_nitrate_reductase_NapA	841	202
Photosystem_II_reaction_centre_PsbA	326	121
Photosystem_I_reaction_centre_PsaA	751	54
Polyheme_iron_reductase_OmcB	765	18
Reductive_dehalogenase_RdhA	462	46
Rubisco_RbcL_95_Filtered	478	707
Selenate_reductase_YgfK	1032	2972
Soluble_methane_monooxygenase_MmoA	527	21
Succinate_dehydrogenase_SdhA	612	350
Sulfide_quinone_oxidoreductase_Sqr	429	333
Sulfur_oxygenase_reductase_Sor	315	17
Thaumarchaeota_4-hydroxybutyryl-CoA_synthetase_HbsT	707	10
Thiosulfohydrolase_SoxB	575	235
AcnB	860	2112
amoA	163	2254
AmoB	414	227
AmoC	257	340
BluB	210	319
BtuCDF	406	6
CA	189	6998
CbiG	325	412
CobA	180	1782
CobC	201	34
CobU	165	398
IsiB	170	15518
MDH	176	638
MenF	397	2389
MtsA	367	25
NapA	142	60
NarG	123	640
Nitrate_reductase_NADH	757	562
PEPC	354	2602
RHO	130	2259
dddL	189	6
dhbB	178	7531
dmdA	204	40
dmdB	545	296
dmdD	266	61
NifH	148	6
PmoA	165	977
pchB	99	39
RbcL	188	493
MmoA	162	27
mtoX	444	42
mddA	218	23
mcrA	155	839
dorA	767	117
Tmmm	256	32
dmoA	463	438
DddP	447	75
xoxF	501	16
mxaF	592	8
mauA	294	10
phrB	483	13
uvrA	948	91
uvrB	670	367
uvrC	610	579
recA	353	639
katE	706	7
katG	732	261
sodA	203	82
sodB	200	40
sodC	183	26
dps	167	86
crtB	309	15
crtI	504	8
otsA	474	43
otsB	391	14
