SRR26386582	ASB46	20992063	ftp.sra.ebi.ac.uk/vol1/fastq/SRR263/082/SRR26386582/SRR26386582_1.fastq.gz;ftp.sra.ebi.ac.uk/vol1/fastq/SRR263/082/SRR26386582/SRR26386582_2.fastq.gz	1201750988;1202540872
SRR26386598	ASB31	25791557	ftp.sra.ebi.ac.uk/vol1/fastq/SRR263/098/SRR26386598/SRR26386598_1.fastq.gz;ftp.sra.ebi.ac.uk/vol1/fastq/SRR263/098/SRR26386598/SRR26386598_2.fastq.gz	1487522788;1489179603
SRR26386608	ASB22	45198751	ftp.sra.ebi.ac.uk/vol1/fastq/SRR263/008/SRR26386608/SRR26386608_1.fastq.gz;ftp.sra.ebi.ac.uk/vol1/fastq/SRR263/008/SRR26386608/SRR26386608_2.fastq.gz	2608524012;2611443216
SRR26386610	ASB3	26863834	ftp.sra.ebi.ac.uk/vol1/fastq/SRR263/010/SRR26386610/SRR26386610_1.fastq.gz;ftp.sra.ebi.ac.uk/vol1/fastq/SRR263/010/SRR26386610/SRR26386610_2.fastq.gz	1551585946;1553500315
SRR26386595	ASB34	18271115	ftp.sra.ebi.ac.uk/vol1/fastq/SRR263/095/SRR26386595/SRR26386595_1.fastq.gz;ftp.sra.ebi.ac.uk/vol1/fastq/SRR263/095/SRR26386595/SRR26386595_2.fastq.gz	1051587963;1051600502
SRR26386620	ASB11	27843291	ftp.sra.ebi.ac.uk/vol1/fastq/SRR263/020/SRR26386620/SRR26386620_1.fastq.gz;ftp.sra.ebi.ac.uk/vol1/fastq/SRR263/020/SRR26386620/SRR26386620_2.fastq.gz	1609665001;1612389348
SRR26386577	ASB6	35097728	ftp.sra.ebi.ac.uk/vol1/fastq/SRR263/077/SRR26386577/SRR26386577_1.fastq.gz;ftp.sra.ebi.ac.uk/vol1/fastq/SRR263/077/SRR26386577/SRR26386577_2.fastq.gz	2033259499;2036553288
SRR26386579	ASB49	34470049	ftp.sra.ebi.ac.uk/vol1/fastq/SRR263/079/SRR26386579/SRR26386579_1.fastq.gz;ftp.sra.ebi.ac.uk/vol1/fastq/SRR263/079/SRR26386579/SRR26386579_2.fastq.gz	1994011787;1996524428
SRR26386585	ASB43	32736965	ftp.sra.ebi.ac.uk/vol1/fastq/SRR263/085/SRR26386585/SRR26386585_1.fastq.gz;ftp.sra.ebi.ac.uk/vol1/fastq/SRR263/085/SRR26386585/SRR26386585_2.fastq.gz	1867985864;1870235631
SRR26386589	ASB40	37051386	ftp.sra.ebi.ac.uk/vol1/fastq/SRR263/089/SRR26386589/SRR26386589_1.fastq.gz;ftp.sra.ebi.ac.uk/vol1/fastq/SRR263/089/SRR26386589/SRR26386589_2.fastq.gz	2145180641;2148226185
SRR26386592	ASB37	32360362	ftp.sra.ebi.ac.uk/vol1/fastq/SRR263/092/SRR26386592/SRR26386592_1.fastq.gz;ftp.sra.ebi.ac.uk/vol1/fastq/SRR263/092/SRR26386592/SRR26386592_2.fastq.gz	1864171794;1867176441
SRR26386602	ASB28	22528820	ftp.sra.ebi.ac.uk/vol1/fastq/SRR263/002/SRR26386602/SRR26386602_1.fastq.gz;ftp.sra.ebi.ac.uk/vol1/fastq/SRR263/002/SRR26386602/SRR26386602_2.fastq.gz	1296542383;1298995881
SRR26386605	ASB25	32637030	ftp.sra.ebi.ac.uk/vol1/fastq/SRR263/005/SRR26386605/SRR26386605_1.fastq.gz;ftp.sra.ebi.ac.uk/vol1/fastq/SRR263/005/SRR26386605/SRR26386605_2.fastq.gz	1879249883;1882016586
SRR26386614	ASB17	38503703	ftp.sra.ebi.ac.uk/vol1/fastq/SRR263/014/SRR26386614/SRR26386614_1.fastq.gz;ftp.sra.ebi.ac.uk/vol1/fastq/SRR263/014/SRR26386614/SRR26386614_2.fastq.gz	2236346595;2239640360
SRR26386617	ASB14	37107838	ftp.sra.ebi.ac.uk/vol1/fastq/SRR263/017/SRR26386617/SRR26386617_1.fastq.gz;ftp.sra.ebi.ac.uk/vol1/fastq/SRR263/017/SRR26386617/SRR26386617_2.fastq.gz	2149481006;2151937575
