rep	library	n_members	members	len_aa	best_ref	best_pid	aln	best_form
003_3_PWA3_GMCF3029a.meta__NODE_57952_length_598_cov_2.523020_1	PWA3	2	003_3_PWA3_GMCF3029a.meta__NODE_57952_length_598_cov_2.523020_1;003_3_PWA3_GMCF3029a.sc__NODE_67503_length_598_cov_2.523020_1	181	REF045_FII_Albidovulum_aquaemixtae_A0A2R8B4Q9	28.6	182	II
008_8_RA14_GMCF3029a.sc__NODE_5108_length_1467_cov_3.046742_1	RA14	2	008_8_RA14_GMCF3029a.meta__NODE_14617_length_802_cov_2.779116_1;008_8_RA14_GMCF3029a.sc__NODE_5108_length_1467_cov_3.046742_1	489	REF034_FII_Actinoallomurus_iriomotensis_A0A9W6W744	26.3	502	II
009_9_RA15_GMCF3029a.meta__NODE_30980_length_607_cov_1.697464_1	RA15	2	009_9_RA15_GMCF3029a.meta__NODE_30980_length_607_cov_1.697464_1;009_9_RA15_GMCF3029a.sc__NODE_38030_length_607_cov_1.697464_1	157	REF052_FII_Bradyrhizobium_ivorense_A0A508SVN1	81.8	154	II
009_9_RA15_GMCF3029a.sc__NODE_11121_length_1094_cov_2.671800_1	RA15	1	009_9_RA15_GMCF3029a.sc__NODE_11121_length_1094_cov_2.671800_1	245	REF044_FII_Sulfoacidibacillus_ferrooxidans_A0A9X1V6V7	33.1	251	II
009_9_RA15_GMCF3029a.sc__NODE_4025_length_1815_cov_3.167045_1	RA15	2	009_9_RA15_GMCF3029a.meta__NODE_5979_length_1322_cov_3.063141_1;009_9_RA15_GMCF3029a.sc__NODE_4025_length_1815_cov_3.167045_1	605	REF036_FII_Calidithermus_roseus_A0A399EKG8	26.2	561	II
010_10_RA16_GMCF3029a.meta__NODE_195_length_3623_cov_8.109305_4	RA16	2	010_10_RA16_GMCF3029a.meta__NODE_195_length_3623_cov_8.109305_4;010_10_RA16_GMCF3029a.sc__NODE_117_length_6035_cov_9.469231_1	296	REF036_FII_Calidithermus_roseus_A0A399EKG8	29.2	295	II
010_10_RA16_GMCF3029a.meta__NODE_32052_length_633_cov_3.269896_1	RA16	2	010_10_RA16_GMCF3029a.meta__NODE_32052_length_633_cov_3.269896_1;010_10_RA16_GMCF3029a.sc__NODE_39323_length_633_cov_3.269896_1	210	REF037_FII_Fibrella_aestuarina_BUZ_2_I0KFJ2	28.2	202	II
010_10_RA16_GMCF3029a.meta__NODE_46039_length_537_cov_3.346473_1	RA16	2	010_10_RA16_GMCF3029a.meta__NODE_46039_length_537_cov_3.346473_1;010_10_RA16_GMCF3029a.sc__NODE_55017_length_537_cov_3.346473_1	178	REF011_FI_Actibacterium_lipolyticum_A0A238JPJ5	93.3	178	I
010_10_RA16_GMCF3029a.meta__NODE_9487_length_1063_cov_3.722222_1	RA16	2	010_10_RA16_GMCF3029a.meta__NODE_9487_length_1063_cov_3.722222_1;010_10_RA16_GMCF3029a.sc__NODE_13196_length_1063_cov_3.706349_1	253	REF051_FII_Modestobacter_italicus_strain_DSM_4_I4F486	30.5	272	II
010_10_RA16_GMCF3029a.sc__NODE_1218_length_2862_cov_8.169932_1	RA16	1	010_10_RA16_GMCF3029a.sc__NODE_1218_length_2862_cov_8.169932_1	620	REF013_FI_Capillimicrobium_parvum_A0A9E6Y1X1	27.1	284	I
010_10_RA16_GMCF3029a.sc__NODE_18706_length_902_cov_5.268005_1	RA16	2	010_10_RA16_GMCF3029a.meta__NODE_35307_length_605_cov_5.003636_1;010_10_RA16_GMCF3029a.sc__NODE_18706_length_902_cov_5.268005_1	300	REF049_FII_Gandjariella_thermophila_A0A4D4J4W8	32.3	313	II
010_10_RA16_GMCF3029a.sc__NODE_474_length_3931_cov_13.201238_2	RA16	2	010_10_RA16_GMCF3029a.meta__NODE_7413_length_1168_cov_11.323450_1;010_10_RA16_GMCF3029a.sc__NODE_474_length_3931_cov_13.201238_2	731	REF014_FI_Deinococcus_caeni_A0ABP9UI58	23.6	402	I
010_10_RA16_GMCF3029a.sc__NODE_7214_length_1406_cov_4.330126_2	RA16	3	010_10_RA16_GMCF3029a.meta__NODE_15825_length_859_cov_5.455224_1;010_10_RA16_GMCF3029a.meta__NODE_35614_length_603_cov_2.587591_1;010_10_RA16_GMCF3029a.sc__NODE_7214_length_1406_cov_4.330126_2	343	REF011_FI_Actibacterium_lipolyticum_A0A238JPJ5	90.9	342	I
011_11_RA17_GMCF3029a.meta__NODE_1184_length_2902_cov_6.685634_1	RA17	2	011_11_RA17_GMCF3029a.meta__NODE_1184_length_2902_cov_6.685634_1;011_11_RA17_GMCF3029a.sc__NODE_13048_length_1208_cov_6.758890_1	563	REF013_FI_Capillimicrobium_parvum_A0A9E6Y1X1	27.1	284	I
011_11_RA17_GMCF3029a.meta__NODE_224_length_5064_cov_10.771811_3	RA17	2	011_11_RA17_GMCF3029a.meta__NODE_224_length_5064_cov_10.771811_3;011_11_RA17_GMCF3029a.sc__NODE_11077_length_1282_cov_11.607987_1	731	REF014_FI_Deinococcus_caeni_A0ABP9UI58	23.6	402	I
011_11_RA17_GMCF3029a.meta__NODE_474_length_3961_cov_5.335381_3	RA17	2	011_11_RA17_GMCF3029a.meta__NODE_474_length_3961_cov_5.335381_3;011_11_RA17_GMCF3029a.sc__NODE_2819_length_2023_cov_5.811484_2	637	REF057_FII_Rhodococcus_coprophilus_A0A2X4U3L5	26.5	388	II
011_11_RA17_GMCF3029a.sc__NODE_126388_length_533_cov_1.531381_1	RA17	1	011_11_RA17_GMCF3029a.sc__NODE_126388_length_533_cov_1.531381_1	177	REF041_FII_Actibacterium_lipolyticum_A0A238JRA4	68.1	160	II
011_11_RA17_GMCF3029a.sc__NODE_16235_length_1119_cov_3.645677_1	RA17	1	011_11_RA17_GMCF3029a.sc__NODE_16235_length_1119_cov_3.645677_1	373	REF003_FI_Thermomicrobium_roseum_strain_ATCC__B9L450	24.6	248	I
011_11_RA17_GMCF3029a.sc__NODE_39565_length_815_cov_2.514474_1	RA17	1	011_11_RA17_GMCF3029a.sc__NODE_39565_length_815_cov_2.514474_1	271	REF044_FII_Sulfoacidibacillus_ferrooxidans_A0A9X1V6V7	34.1	252	II
011_11_RA17_GMCF3029a.sc__NODE_40381_length_809_cov_2.041114_1	RA17	1	011_11_RA17_GMCF3029a.sc__NODE_40381_length_809_cov_2.041114_1	269	REF004_FI_Thermogemmatispora_tikiterensis_A0A328VRJ9	28.5	186	I
011_11_RA17_GMCF3029a.sc__NODE_55900_length_718_cov_3.333333_1	RA17	1	011_11_RA17_GMCF3029a.sc__NODE_55900_length_718_cov_3.333333_1	218	REF012_FI_Bacillus_methanolicus_strain_MGA3_A_I3E8H4	34.7	216	I
011_11_RA17_GMCF3029a.sc__NODE_96723_length_588_cov_1.512195_1	RA17	1	011_11_RA17_GMCF3029a.sc__NODE_96723_length_588_cov_1.512195_1	195	REF041_FII_Actibacterium_lipolyticum_A0A238JRA4	62.4	157	II
011_11_RA17_GMCF3029a.sc__NODE_9992_length_1327_cov_1.573113_1	RA17	1	011_11_RA17_GMCF3029a.sc__NODE_9992_length_1327_cov_1.573113_1	441	REF014_FI_Deinococcus_caeni_A0ABP9UI58	25.7	311	I
012_12_RA18_GMCF3029a.meta__NODE_102469_length_595_cov_2.203704_1	RA18	2	012_12_RA18_GMCF3029a.meta__NODE_102469_length_595_cov_2.203704_1;012_12_RA18_GMCF3029a.sc__NODE_149745_length_595_cov_2.203704_1	198	REF060_FII_Donghicola_eburneus_A0A1M4N221	72.3	195	II
012_12_RA18_GMCF3029a.meta__NODE_112497_length_574_cov_1.951830_1	RA18	2	012_12_RA18_GMCF3029a.meta__NODE_112497_length_574_cov_1.951830_1;012_12_RA18_GMCF3029a.sc__NODE_164220_length_574_cov_2.119461_1	191	REF041_FII_Actibacterium_lipolyticum_A0A238JRA4	65.8	190	II
012_12_RA18_GMCF3029a.meta__NODE_113088_length_573_cov_1.494208_1	RA18	1	012_12_RA18_GMCF3029a.meta__NODE_113088_length_573_cov_1.494208_1	190	REF041_FII_Actibacterium_lipolyticum_A0A238JRA4	56.8	190	II
012_12_RA18_GMCF3029a.meta__NODE_119275_length_561_cov_1.950593_1	RA18	2	012_12_RA18_GMCF3029a.meta__NODE_119275_length_561_cov_1.950593_1;012_12_RA18_GMCF3029a.sc__NODE_174140_length_561_cov_1.857708_1	186	REF050_FII_Blastochloris_viridis_Rhodopseudomo_A0A0H5BCZ6	40.5	185	II
012_12_RA18_GMCF3029a.meta__NODE_120268_length_559_cov_2.402778_1	RA18	2	012_12_RA18_GMCF3029a.meta__NODE_120268_length_559_cov_2.402778_1;012_12_RA18_GMCF3029a.sc__NODE_175566_length_559_cov_2.375000_1	185	REF027_FI_Pseudorhizobium_banfieldiae_L0NNE2	29.9	177	I
012_12_RA18_GMCF3029a.meta__NODE_154737_length_506_cov_3.607539_1	RA18	1	012_12_RA18_GMCF3029a.meta__NODE_154737_length_506_cov_3.607539_1	155	REF062_FII_Falsiruegeria_litorea_R37_A0A1Y5S8H3	83.4	151	II
012_12_RA18_GMCF3029a.meta__NODE_16396_length_1267_cov_3.018977_2	RA18	2	012_12_RA18_GMCF3029a.meta__NODE_16396_length_1267_cov_3.018977_2;012_12_RA18_GMCF3029a.sc__NODE_23019_length_1267_cov_3.018977_2	258	REF052_FII_Bradyrhizobium_ivorense_A0A508SVN1	32.2	261	II
012_12_RA18_GMCF3029a.meta__NODE_20436_length_1159_cov_7.259058_1	RA18	1	012_12_RA18_GMCF3029a.meta__NODE_20436_length_1159_cov_7.259058_1	385	REF035_FII_Ardenticatena_maritima_A0A0M8K8I5	27.6	293	II
012_12_RA18_GMCF3029a.meta__NODE_22376_length_1117_cov_2.559322_2	RA18	2	012_12_RA18_GMCF3029a.meta__NODE_22376_length_1117_cov_2.559322_2;012_12_RA18_GMCF3029a.sc__NODE_31225_length_1117_cov_2.559322_2	281	REF036_FII_Calidithermus_roseus_A0A399EKG8	31.8	277	II
012_12_RA18_GMCF3029a.meta__NODE_22551_length_1113_cov_4.766541_1	RA18	2	012_12_RA18_GMCF3029a.meta__NODE_22551_length_1113_cov_4.766541_1;012_12_RA18_GMCF3029a.sc__NODE_31475_length_1113_cov_4.766541_1	341	REF040_FII_Nitrolancea_hollandica_Lb_I4ED45	27.3	355	II
012_12_RA18_GMCF3029a.meta__NODE_35266_length_921_cov_2.075058_1	RA18	1	012_12_RA18_GMCF3029a.meta__NODE_35266_length_921_cov_2.075058_1	306	REF014_FI_Deinococcus_caeni_A0ABP9UI58	26.5	253	I
012_12_RA18_GMCF3029a.meta__NODE_42745_length_849_cov_2.204030_1	RA18	2	012_12_RA18_GMCF3029a.meta__NODE_42745_length_849_cov_2.204030_1;012_12_RA18_GMCF3029a.sc__NODE_61213_length_849_cov_2.204030_1	282	REF059_FII_Streptomonospora_litoralis_A0A4P6PZM8	47.6	288	II
012_12_RA18_GMCF3029a.meta__NODE_52305_length_782_cov_1.971114_1	RA18	2	012_12_RA18_GMCF3029a.meta__NODE_52305_length_782_cov_1.971114_1;012_12_RA18_GMCF3029a.sc__NODE_83862_length_749_cov_2.112392_1	260	REF003_FI_Thermomicrobium_roseum_strain_ATCC__B9L450	33.7	172	I
012_12_RA18_GMCF3029a.meta__NODE_55520_length_763_cov_2.912429_1	RA18	2	012_12_RA18_GMCF3029a.meta__NODE_55520_length_763_cov_2.912429_1;012_12_RA18_GMCF3029a.sc__NODE_79709_length_764_cov_2.882934_1	254	REF057_FII_Rhodococcus_coprophilus_A0A2X4U3L5	30.3	155	II
012_12_RA18_GMCF3029a.meta__NODE_60452_length_737_cov_2.378299_1	RA18	2	012_12_RA18_GMCF3029a.meta__NODE_60452_length_737_cov_2.378299_1;012_12_RA18_GMCF3029a.sc__NODE_87312_length_737_cov_2.359238_1	218	REF044_FII_Sulfoacidibacillus_ferrooxidans_A0A9X1V6V7	32.4	216	II
012_12_RA18_GMCF3029a.meta__NODE_64064_length_719_cov_4.120482_1	RA18	2	012_12_RA18_GMCF3029a.meta__NODE_64064_length_719_cov_4.120482_1;012_12_RA18_GMCF3029a.sc__NODE_92777_length_719_cov_4.204819_1	178	REF041_FII_Actibacterium_lipolyticum_A0A238JRA4	38.5	156	II
012_12_RA18_GMCF3029a.meta__NODE_7943_length_1729_cov_2.945042_3	RA18	1	012_12_RA18_GMCF3029a.meta__NODE_7943_length_1729_cov_2.945042_3	161	REF062_FII_Falsiruegeria_litorea_R37_A0A1Y5S8H3	81.6	158	II
012_12_RA18_GMCF3029a.meta__NODE_835_length_4242_cov_15.534989_2	RA18	2	012_12_RA18_GMCF3029a.meta__NODE_835_length_4242_cov_15.534989_2;012_12_RA18_GMCF3029a.sc__NODE_2306_length_3341_cov_12.778150_3	731	REF014_FI_Deinococcus_caeni_A0ABP9UI58	23.6	402	I
012_12_RA18_GMCF3029a.meta__NODE_8842_length_1651_cov_3.550752_1	RA18	2	012_12_RA18_GMCF3029a.meta__NODE_8842_length_1651_cov_3.550752_1;012_12_RA18_GMCF3029a.sc__NODE_18129_length_1397_cov_3.230253_1	550	REF057_FII_Rhodococcus_coprophilus_A0A2X4U3L5	24.7	385	II
012_12_RA18_GMCF3029a.meta__NODE_90023_length_627_cov_1.737762_1	RA18	2	012_12_RA18_GMCF3029a.meta__NODE_90023_length_627_cov_1.737762_1;012_12_RA18_GMCF3029a.sc__NODE_131653_length_627_cov_1.737762_1	208	REF041_FII_Actibacterium_lipolyticum_A0A238JRA4	68.3	208	II
012_12_RA18_GMCF3029a.sc__NODE_122956_length_644_cov_1.850594_1	RA18	1	012_12_RA18_GMCF3029a.sc__NODE_122956_length_644_cov_1.850594_1	214	REF014_FI_Deinococcus_caeni_A0ABP9UI58	27.1	236	I
012_12_RA18_GMCF3029a.sc__NODE_14752_length_1522_cov_2.741650_1	RA18	1	012_12_RA18_GMCF3029a.sc__NODE_14752_length_1522_cov_2.741650_1	506	REF035_FII_Ardenticatena_maritima_A0A0M8K8I5	25.3	292	II
012_12_RA18_GMCF3029a.sc__NODE_154225_length_588_cov_2.864916_1	RA18	2	012_12_RA18_GMCF3029a.meta__NODE_108838_length_581_cov_3.045627_1;012_12_RA18_GMCF3029a.sc__NODE_154225_length_588_cov_2.864916_1	195	REF037_FII_Fibrella_aestuarina_BUZ_2_I0KFJ2	72.5	171	II
012_12_RA18_GMCF3029a.sc__NODE_165471_length_572_cov_2.889749_1	RA18	2	012_12_RA18_GMCF3029a.meta__NODE_115492_length_568_cov_2.327485_1;012_12_RA18_GMCF3029a.sc__NODE_165471_length_572_cov_2.889749_1	190	REF021_FI_Pseudonocardia_autotrophica_Amycola_A0A1Y2N3L2	34.1	170	I
012_12_RA18_GMCF3029a.sc__NODE_181561_length_552_cov_1.726358_1	RA18	2	012_12_RA18_GMCF3029a.meta__NODE_127982_length_546_cov_1.761711_1;012_12_RA18_GMCF3029a.sc__NODE_181561_length_552_cov_1.726358_1	183	REF052_FII_Bradyrhizobium_ivorense_A0A508SVN1	73.5	166	II
012_12_RA18_GMCF3029a.sc__NODE_18185_length_1395_cov_3.590299_2	RA18	1	012_12_RA18_GMCF3029a.sc__NODE_18185_length_1395_cov_3.590299_2	179	REF045_FII_Albidovulum_aquaemixtae_A0A2R8B4Q9	66.3	178	II
012_12_RA18_GMCF3029a.sc__NODE_185685_length_547_cov_1.802846_1	RA18	1	012_12_RA18_GMCF3029a.sc__NODE_185685_length_547_cov_1.802846_1	182	REF003_FI_Thermomicrobium_roseum_strain_ATCC__B9L450	61.7	183	I
012_12_RA18_GMCF3029a.sc__NODE_186631_length_546_cov_1.596741_1	RA18	1	012_12_RA18_GMCF3029a.sc__NODE_186631_length_546_cov_1.596741_1	182	REF011_FI_Actibacterium_lipolyticum_A0A238JPJ5	89.5	181	I
012_12_RA18_GMCF3029a.sc__NODE_189926_length_542_cov_1.915811_1	RA18	1	012_12_RA18_GMCF3029a.sc__NODE_189926_length_542_cov_1.915811_1	180	REF041_FII_Actibacterium_lipolyticum_A0A238JRA4	62.2	156	II
012_12_RA18_GMCF3029a.sc__NODE_1900_length_3632_cov_3.671792_4	RA18	1	012_12_RA18_GMCF3029a.sc__NODE_1900_length_3632_cov_3.671792_4	606	REF012_FI_Bacillus_methanolicus_strain_MGA3_A_I3E8H4	23.4	427	I
012_12_RA18_GMCF3029a.sc__NODE_19488_length_1355_cov_4.950769_1	RA18	2	012_12_RA18_GMCF3029a.meta__NODE_119542_length_560_cov_3.746535_1;012_12_RA18_GMCF3029a.sc__NODE_19488_length_1355_cov_4.950769_1	441	REF057_FII_Rhodococcus_coprophilus_A0A2X4U3L5	25.7	381	II
012_12_RA18_GMCF3029a.sc__NODE_231690_length_501_cov_1.278027_1	RA18	1	012_12_RA18_GMCF3029a.sc__NODE_231690_length_501_cov_1.278027_1	167	REF035_FII_Ardenticatena_maritima_A0A0M8K8I5	31.9	163	II
012_12_RA18_GMCF3029a.sc__NODE_25425_length_1215_cov_3.584483_1	RA18	1	012_12_RA18_GMCF3029a.sc__NODE_25425_length_1215_cov_3.584483_1	404	REF035_FII_Ardenticatena_maritima_A0A0M8K8I5	25.7	222	II
012_12_RA18_GMCF3029a.sc__NODE_32135_length_1104_cov_1.572927_1	RA18	1	012_12_RA18_GMCF3029a.sc__NODE_32135_length_1104_cov_1.572927_1	367	REF060_FII_Donghicola_eburneus_A0A1M4N221	57.1	312	II
012_12_RA18_GMCF3029a.sc__NODE_33331_length_1087_cov_3.501938_1	RA18	2	012_12_RA18_GMCF3029a.meta__NODE_31032_length_972_cov_3.760087_1;012_12_RA18_GMCF3029a.sc__NODE_33331_length_1087_cov_3.501938_1	303	REF033_FII_Acidiphilium_multivorum_strain_DSM__F0J165	46.0	300	II
012_12_RA18_GMCF3029a.sc__NODE_34112_length_1078_cov_1.143695_1	RA18	1	012_12_RA18_GMCF3029a.sc__NODE_34112_length_1078_cov_1.143695_1	239	REF004_FI_Thermogemmatispora_tikiterensis_A0A328VRJ9	27.8	212	I
012_12_RA18_GMCF3029a.sc__NODE_42093_length_988_cov_1.807074_1	RA18	2	012_12_RA18_GMCF3029a.meta__NODE_117050_length_565_cov_2.476471_1;012_12_RA18_GMCF3029a.sc__NODE_42093_length_988_cov_1.807074_1	307	REF003_FI_Thermomicrobium_roseum_strain_ATCC__B9L450	34.6	312	I
012_12_RA18_GMCF3029a.sc__NODE_44345_length_967_cov_2.605263_1	RA18	1	012_12_RA18_GMCF3029a.sc__NODE_44345_length_967_cov_2.605263_1	322	REF035_FII_Ardenticatena_maritima_A0A0M8K8I5	24.1	316	II
012_12_RA18_GMCF3029a.sc__NODE_45102_length_961_cov_1.683223_1	RA18	2	012_12_RA18_GMCF3029a.meta__NODE_43493_length_843_cov_1.854061_1;012_12_RA18_GMCF3029a.sc__NODE_45102_length_961_cov_1.683223_1	301	REF037_FII_Fibrella_aestuarina_BUZ_2_I0KFJ2	64.3	300	II
012_12_RA18_GMCF3029a.sc__NODE_56639_length_876_cov_1.556638_1	RA18	1	012_12_RA18_GMCF3029a.sc__NODE_56639_length_876_cov_1.556638_1	292	REF043_FII_Deinococcus_aluminii_A0ABP9XBM4	36.1	288	II
013_13_RA22_GMCF3029a.meta__NODE_23871_length_831_cov_4.630155_1	RA22	2	013_13_RA22_GMCF3029a.meta__NODE_23871_length_831_cov_4.630155_1;013_13_RA22_GMCF3029a.sc__NODE_32703_length_831_cov_4.630155_1	200	REF040_FII_Nitrolancea_hollandica_Lb_I4ED45	29.3	181	II
013_13_RA22_GMCF3029a.meta__NODE_3077_length_1800_cov_2.651576_2	RA22	2	013_13_RA22_GMCF3029a.meta__NODE_3077_length_1800_cov_2.651576_2;013_13_RA22_GMCF3029a.sc__NODE_4631_length_1812_cov_3.529880_2	397	REF041_FII_Actibacterium_lipolyticum_A0A238JRA4	65.7	396	II
013_13_RA22_GMCF3029a.meta__NODE_35144_length_713_cov_3.066869_1	RA22	2	013_13_RA22_GMCF3029a.meta__NODE_35144_length_713_cov_3.066869_1;013_13_RA22_GMCF3029a.sc__NODE_47558_length_713_cov_3.066869_1	237	REF003_FI_Thermomicrobium_roseum_strain_ATCC__B9L450	34.3	239	I
013_13_RA22_GMCF3029a.meta__NODE_3560_length_1709_cov_3.212213_3	RA22	2	013_13_RA22_GMCF3029a.meta__NODE_3560_length_1709_cov_3.212213_3;013_13_RA22_GMCF3029a.sc__NODE_3191_length_2099_cov_2.980431_1	176	REF041_FII_Actibacterium_lipolyticum_A0A238JRA4	61.9	176	II
013_13_RA22_GMCF3029a.meta__NODE_38465_length_689_cov_1.687697_2	RA22	2	013_13_RA22_GMCF3029a.meta__NODE_38465_length_689_cov_1.687697_2;013_13_RA22_GMCF3029a.sc__NODE_51794_length_689_cov_1.687697_2	158	REF040_FII_Nitrolancea_hollandica_Lb_I4ED45	39.4	155	II
013_13_RA22_GMCF3029a.meta__NODE_4827_length_1527_cov_3.934783_3	RA22	2	013_13_RA22_GMCF3029a.meta__NODE_4827_length_1527_cov_3.934783_3;013_13_RA22_GMCF3029a.sc__NODE_7100_length_1527_cov_3.932065_1	168	REF035_FII_Ardenticatena_maritima_A0A0M8K8I5	44.1	161	II
013_13_RA22_GMCF3029a.meta__NODE_65577_length_556_cov_2.227545_1	RA22	2	013_13_RA22_GMCF3029a.meta__NODE_65577_length_556_cov_2.227545_1;013_13_RA22_GMCF3029a.sc__NODE_86808_length_556_cov_2.227545_1	184	REF040_FII_Nitrolancea_hollandica_Lb_I4ED45	33.9	183	II
013_13_RA22_GMCF3029a.meta__NODE_81264_length_510_cov_2.547253_1	RA22	2	013_13_RA22_GMCF3029a.meta__NODE_81264_length_510_cov_2.547253_1;013_13_RA22_GMCF3029a.sc__NODE_106439_length_510_cov_2.503297_1	154	REF021_FI_Pseudonocardia_autotrophica_Amycola_A0A1Y2N3L2	78.1	151	I
013_13_RA22_GMCF3029a.sc__NODE_101205_length_521_cov_2.487124_1	RA22	1	013_13_RA22_GMCF3029a.sc__NODE_101205_length_521_cov_2.487124_1	173	REF037_FII_Fibrella_aestuarina_BUZ_2_I0KFJ2	70.5	156	II
013_13_RA22_GMCF3029a.sc__NODE_10858_length_1293_cov_7.333086_1	RA22	2	013_13_RA22_GMCF3029a.meta__NODE_7577_length_1291_cov_7.369741_1;013_13_RA22_GMCF3029a.sc__NODE_10858_length_1293_cov_7.333086_1	431	REF035_FII_Ardenticatena_maritima_A0A0M8K8I5	34.7	435	II
013_13_RA22_GMCF3029a.sc__NODE_13165_length_1199_cov_2.816434_1	RA22	2	013_13_RA22_GMCF3029a.meta__NODE_22959_length_845_cov_3.321519_1;013_13_RA22_GMCF3029a.sc__NODE_13165_length_1199_cov_2.816434_1	399	REF057_FII_Rhodococcus_coprophilus_A0A2X4U3L5	26.5	223	II
013_13_RA22_GMCF3029a.sc__NODE_31369_length_846_cov_15.948167_1	RA22	2	013_13_RA22_GMCF3029a.meta__NODE_28427_length_775_cov_3.363889_1;013_13_RA22_GMCF3029a.sc__NODE_31369_length_846_cov_15.948167_1	281	REF038_FII_Kyrpidia_spormannii_A0A2K8N8V7	38.2	207	II
013_13_RA22_GMCF3029a.sc__NODE_4121_length_1894_cov_2.593801_2	RA22	1	013_13_RA22_GMCF3029a.sc__NODE_4121_length_1894_cov_2.593801_2	451	REF035_FII_Ardenticatena_maritima_A0A0M8K8I5	28.0	257	II
013_13_RA22_GMCF3029a.sc__NODE_6654_length_1568_cov_2.377396_1	RA22	2	013_13_RA22_GMCF3029a.meta__NODE_24287_length_825_cov_2.761039_1;013_13_RA22_GMCF3029a.sc__NODE_6654_length_1568_cov_2.377396_1	392	REF035_FII_Ardenticatena_maritima_A0A0M8K8I5	31.1	286	II
013_13_RA22_GMCF3029a.sc__NODE_87294_length_555_cov_1.680000_1	RA22	1	013_13_RA22_GMCF3029a.sc__NODE_87294_length_555_cov_1.680000_1	185	REF041_FII_Actibacterium_lipolyticum_A0A238JRA4	49.2	177	II
014_14_RA23_GMCF3029a.meta__NODE_16155_length_1274_cov_3.269893_1	RA23	2	014_14_RA23_GMCF3029a.meta__NODE_16155_length_1274_cov_3.269893_1;014_14_RA23_GMCF3029a.sc__NODE_21321_length_1322_cov_3.225730_1	311	REF036_FII_Calidithermus_roseus_A0A399EKG8	34.5	304	II
014_14_RA23_GMCF3029a.meta__NODE_17711_length_1230_cov_3.954894_2	RA23	2	014_14_RA23_GMCF3029a.meta__NODE_17711_length_1230_cov_3.954894_2;014_14_RA23_GMCF3029a.sc__NODE_25134_length_1230_cov_3.954894_2	278	REF057_FII_Rhodococcus_coprophilus_A0A2X4U3L5	29.8	198	II
014_14_RA23_GMCF3029a.meta__NODE_33743_length_949_cov_3.372483_1	RA23	2	014_14_RA23_GMCF3029a.meta__NODE_33743_length_949_cov_3.372483_1;014_14_RA23_GMCF3029a.sc__NODE_44567_length_949_cov_3.372483_1	316	REF035_FII_Ardenticatena_maritima_A0A0M8K8I5	32.4	293	II
014_14_RA23_GMCF3029a.meta__NODE_43878_length_847_cov_1.547980_1	RA23	2	014_14_RA23_GMCF3029a.meta__NODE_43878_length_847_cov_1.547980_1;014_14_RA23_GMCF3029a.sc__NODE_56711_length_847_cov_1.547980_1	263	REF035_FII_Ardenticatena_maritima_A0A0M8K8I5	35.3	255	II
014_14_RA23_GMCF3029a.meta__NODE_52123_length_785_cov_2.031507_1	RA23	1	014_14_RA23_GMCF3029a.meta__NODE_52123_length_785_cov_2.031507_1	261	REF049_FII_Gandjariella_thermophila_A0A4D4J4W8	24.7	239	II
014_14_RA23_GMCF3029a.meta__NODE_58913_length_744_cov_2.390421_1	RA23	2	014_14_RA23_GMCF3029a.meta__NODE_58913_length_744_cov_2.390421_1;014_14_RA23_GMCF3029a.sc__NODE_74379_length_744_cov_2.436865_1	247	REF054_FII_Cereibacter_sphaeroides_strain_ATCC_Q3J2E6	77.4	248	II
014_14_RA23_GMCF3029a.meta__NODE_70438_length_687_cov_3.452532_1	RA23	2	014_14_RA23_GMCF3029a.meta__NODE_70438_length_687_cov_3.452532_1;014_14_RA23_GMCF3029a.sc__NODE_87737_length_687_cov_3.446203_1	228	REF038_FII_Kyrpidia_spormannii_A0A2K8N8V7	38.3	227	II
014_14_RA23_GMCF3029a.sc__NODE_119942_length_591_cov_2.246269_1	RA23	1	014_14_RA23_GMCF3029a.sc__NODE_119942_length_591_cov_2.246269_1	196	REF032_FI_Tepidimonas_aquatica_A0A554WCA0	82.4	165	I
014_14_RA23_GMCF3029a.sc__NODE_22759_length_1284_cov_3.219691_1	RA23	1	014_14_RA23_GMCF3029a.sc__NODE_22759_length_1284_cov_3.219691_1	427	REF042_FII_Actinomadura_macrotermitis_A0A7K0C220	25.6	227	II
014_14_RA23_GMCF3029a.sc__NODE_533_length_5213_cov_7.401706_3	RA23	2	014_14_RA23_GMCF3029a.meta__NODE_816_length_3395_cov_8.819162_1;014_14_RA23_GMCF3029a.sc__NODE_533_length_5213_cov_7.401706_3	731	REF014_FI_Deinococcus_caeni_A0ABP9UI58	23.6	402	I
005_5_RA3_GMCF3029a.meta__NODE_17737_length_682_cov_2.229665_1	RA3	2	005_5_RA3_GMCF3029a.meta__NODE_17737_length_682_cov_2.229665_1;005_5_RA3_GMCF3029a.sc__NODE_20133_length_682_cov_2.229665_1	226	REF038_FII_Kyrpidia_spormannii_A0A2K8N8V7	41.8	165	II
