rep	library	len_aa	best_form	best_pid	contig_len	n_orfs_on_contig	coxM	coxS	coxMSL_order	coxG	coxD	coxE	coxF	assessable	member
003_3_PWA3_GMCF3029a.meta__NODE_57952_length_598_cov_2.523020_1	PWA3	181	II	28.6	598	1	False	False	False	False	False	False	False	False	003_3_PWA3_GMCF3029a.meta__NODE_57952_length_598_cov_2.523020_1
008_8_RA14_GMCF3029a.sc__NODE_5108_length_1467_cov_3.046742_1	RA14	489	II	26.3	1467	1	False	False	False	False	False	False	False	False	008_8_RA14_GMCF3029a.sc__NODE_5108_length_1467_cov_3.046742_1
009_9_RA15_GMCF3029a.meta__NODE_30980_length_607_cov_1.697464_1	RA15	157	II	81.8	607	1	False	False	False	False	False	False	False	False	009_9_RA15_GMCF3029a.meta__NODE_30980_length_607_cov_1.697464_1
009_9_RA15_GMCF3029a.sc__NODE_11121_length_1094_cov_2.671800_1	RA15	245	II	33.1	1094	2	False	True	False	False	False	False	False	False	009_9_RA15_GMCF3029a.sc__NODE_11121_length_1094_cov_2.671800_1
009_9_RA15_GMCF3029a.sc__NODE_4025_length_1815_cov_3.167045_1	RA15	605	II	26.2	1815	1	False	False	False	False	False	False	False	False	009_9_RA15_GMCF3029a.sc__NODE_4025_length_1815_cov_3.167045_1
010_10_RA16_GMCF3029a.meta__NODE_195_length_3623_cov_8.109305_4	RA16	296	II	29.2	6035	6	False	False	False	False	False	False	False	True	010_10_RA16_GMCF3029a.sc__NODE_117_length_6035_cov_9.469231_1
010_10_RA16_GMCF3029a.meta__NODE_32052_length_633_cov_3.269896_1	RA16	210	II	28.2	633	1	False	False	False	False	False	False	False	False	010_10_RA16_GMCF3029a.meta__NODE_32052_length_633_cov_3.269896_1
010_10_RA16_GMCF3029a.meta__NODE_46039_length_537_cov_3.346473_1	RA16	178	I	93.3	537	1	False	False	False	False	False	False	False	False	010_10_RA16_GMCF3029a.meta__NODE_46039_length_537_cov_3.346473_1
010_10_RA16_GMCF3029a.meta__NODE_9487_length_1063_cov_3.722222_1	RA16	253	II	30.5	1063	1	False	False	False	False	False	False	False	False	010_10_RA16_GMCF3029a.meta__NODE_9487_length_1063_cov_3.722222_1
010_10_RA16_GMCF3029a.sc__NODE_1218_length_2862_cov_8.169932_1	RA16	620	I	27.1	2862	3	False	False	False	False	False	False	False	True	010_10_RA16_GMCF3029a.sc__NODE_1218_length_2862_cov_8.169932_1
010_10_RA16_GMCF3029a.sc__NODE_18706_length_902_cov_5.268005_1	RA16	300	II	32.3	902	1	False	False	False	False	False	False	False	False	010_10_RA16_GMCF3029a.sc__NODE_18706_length_902_cov_5.268005_1
010_10_RA16_GMCF3029a.sc__NODE_474_length_3931_cov_13.201238_2	RA16	731	I	23.6	3931	4	False	True	False	False	False	False	False	True	010_10_RA16_GMCF3029a.sc__NODE_474_length_3931_cov_13.201238_2
010_10_RA16_GMCF3029a.sc__NODE_7214_length_1406_cov_4.330126_2	RA16	343	I	90.9	1406	2	False	False	False	False	True	False	False	False	010_10_RA16_GMCF3029a.sc__NODE_7214_length_1406_cov_4.330126_2
011_11_RA17_GMCF3029a.meta__NODE_1184_length_2902_cov_6.685634_1	RA17	563	I	27.1	2902	3	False	False	False	False	False	False	False	True	011_11_RA17_GMCF3029a.meta__NODE_1184_length_2902_cov_6.685634_1
011_11_RA17_GMCF3029a.meta__NODE_224_length_5064_cov_10.771811_3	RA17	731	I	23.6	5064	4	False	True	False	False	False	False	False	True	011_11_RA17_GMCF3029a.meta__NODE_224_length_5064_cov_10.771811_3
011_11_RA17_GMCF3029a.meta__NODE_474_length_3961_cov_5.335381_3	RA17	637	II	26.5	3961	3	False	True	False	False	False	False	False	True	011_11_RA17_GMCF3029a.meta__NODE_474_length_3961_cov_5.335381_3
011_11_RA17_GMCF3029a.sc__NODE_126388_length_533_cov_1.531381_1	RA17	177	II	68.1	533	1	False	False	False	False	False	False	False	False	011_11_RA17_GMCF3029a.sc__NODE_126388_length_533_cov_1.531381_1
011_11_RA17_GMCF3029a.sc__NODE_16235_length_1119_cov_3.645677_1	RA17	373	I	24.6	1119	1	False	False	False	False	False	False	False	False	011_11_RA17_GMCF3029a.sc__NODE_16235_length_1119_cov_3.645677_1
011_11_RA17_GMCF3029a.sc__NODE_39565_length_815_cov_2.514474_1	RA17	271	II	34.1	815	1	False	False	False	False	False	False	False	False	011_11_RA17_GMCF3029a.sc__NODE_39565_length_815_cov_2.514474_1
011_11_RA17_GMCF3029a.sc__NODE_40381_length_809_cov_2.041114_1	RA17	269	I	28.5	809	1	False	False	False	False	False	False	False	False	011_11_RA17_GMCF3029a.sc__NODE_40381_length_809_cov_2.041114_1
011_11_RA17_GMCF3029a.sc__NODE_55900_length_718_cov_3.333333_1	RA17	218	I	34.7	718	1	False	False	False	False	False	False	False	False	011_11_RA17_GMCF3029a.sc__NODE_55900_length_718_cov_3.333333_1
011_11_RA17_GMCF3029a.sc__NODE_96723_length_588_cov_1.512195_1	RA17	195	II	62.4	588	1	False	False	False	False	False	False	False	False	011_11_RA17_GMCF3029a.sc__NODE_96723_length_588_cov_1.512195_1
011_11_RA17_GMCF3029a.sc__NODE_9992_length_1327_cov_1.573113_1	RA17	441	I	25.7	1327	1	False	False	False	False	False	False	False	False	011_11_RA17_GMCF3029a.sc__NODE_9992_length_1327_cov_1.573113_1
012_12_RA18_GMCF3029a.meta__NODE_102469_length_595_cov_2.203704_1	RA18	198	II	72.3	595	1	False	False	False	False	False	False	False	False	012_12_RA18_GMCF3029a.meta__NODE_102469_length_595_cov_2.203704_1
012_12_RA18_GMCF3029a.meta__NODE_112497_length_574_cov_1.951830_1	RA18	191	II	65.8	574	1	False	False	False	False	False	False	False	False	012_12_RA18_GMCF3029a.meta__NODE_112497_length_574_cov_1.951830_1
012_12_RA18_GMCF3029a.meta__NODE_113088_length_573_cov_1.494208_1	RA18	190	II	56.8	573	1	False	False	False	False	False	False	False	False	012_12_RA18_GMCF3029a.meta__NODE_113088_length_573_cov_1.494208_1
012_12_RA18_GMCF3029a.meta__NODE_119275_length_561_cov_1.950593_1	RA18	186	II	40.5	561	1	False	False	False	False	False	False	False	False	012_12_RA18_GMCF3029a.meta__NODE_119275_length_561_cov_1.950593_1
012_12_RA18_GMCF3029a.meta__NODE_120268_length_559_cov_2.402778_1	RA18	185	I	29.9	559	1	False	False	False	False	False	False	False	False	012_12_RA18_GMCF3029a.meta__NODE_120268_length_559_cov_2.402778_1
012_12_RA18_GMCF3029a.meta__NODE_154737_length_506_cov_3.607539_1	RA18	155	II	83.4	506	1	False	False	False	False	False	False	False	False	012_12_RA18_GMCF3029a.meta__NODE_154737_length_506_cov_3.607539_1
012_12_RA18_GMCF3029a.meta__NODE_16396_length_1267_cov_3.018977_2	RA18	258	II	32.2	1267	2	False	False	False	False	False	False	False	False	012_12_RA18_GMCF3029a.meta__NODE_16396_length_1267_cov_3.018977_2
012_12_RA18_GMCF3029a.meta__NODE_20436_length_1159_cov_7.259058_1	RA18	385	II	27.6	1159	1	False	False	False	False	False	False	False	False	012_12_RA18_GMCF3029a.meta__NODE_20436_length_1159_cov_7.259058_1
012_12_RA18_GMCF3029a.meta__NODE_22376_length_1117_cov_2.559322_2	RA18	281	II	31.8	1117	2	False	False	False	False	False	False	False	False	012_12_RA18_GMCF3029a.meta__NODE_22376_length_1117_cov_2.559322_2
012_12_RA18_GMCF3029a.meta__NODE_22551_length_1113_cov_4.766541_1	RA18	341	II	27.3	1113	1	False	False	False	False	False	False	False	False	012_12_RA18_GMCF3029a.meta__NODE_22551_length_1113_cov_4.766541_1
012_12_RA18_GMCF3029a.meta__NODE_35266_length_921_cov_2.075058_1	RA18	306	I	26.5	921	1	False	False	False	False	False	False	False	False	012_12_RA18_GMCF3029a.meta__NODE_35266_length_921_cov_2.075058_1
012_12_RA18_GMCF3029a.meta__NODE_42745_length_849_cov_2.204030_1	RA18	282	II	47.6	849	1	False	False	False	False	False	False	False	False	012_12_RA18_GMCF3029a.meta__NODE_42745_length_849_cov_2.204030_1
012_12_RA18_GMCF3029a.meta__NODE_52305_length_782_cov_1.971114_1	RA18	260	I	33.7	782	1	False	False	False	False	False	False	False	False	012_12_RA18_GMCF3029a.meta__NODE_52305_length_782_cov_1.971114_1
012_12_RA18_GMCF3029a.meta__NODE_55520_length_763_cov_2.912429_1	RA18	254	II	30.3	764	1	False	False	False	False	False	False	False	False	012_12_RA18_GMCF3029a.sc__NODE_79709_length_764_cov_2.882934_1
012_12_RA18_GMCF3029a.meta__NODE_60452_length_737_cov_2.378299_1	RA18	218	II	32.4	737	1	False	False	False	False	False	False	False	False	012_12_RA18_GMCF3029a.meta__NODE_60452_length_737_cov_2.378299_1
012_12_RA18_GMCF3029a.meta__NODE_64064_length_719_cov_4.120482_1	RA18	178	II	38.5	719	1	False	False	False	False	False	False	False	False	012_12_RA18_GMCF3029a.meta__NODE_64064_length_719_cov_4.120482_1
012_12_RA18_GMCF3029a.meta__NODE_7943_length_1729_cov_2.945042_3	RA18	161	II	81.6	1729	3	True	False	False	False	False	False	False	True	012_12_RA18_GMCF3029a.meta__NODE_7943_length_1729_cov_2.945042_3
012_12_RA18_GMCF3029a.meta__NODE_835_length_4242_cov_15.534989_2	RA18	731	I	23.6	4242	3	False	True	False	False	False	False	False	True	012_12_RA18_GMCF3029a.meta__NODE_835_length_4242_cov_15.534989_2
012_12_RA18_GMCF3029a.meta__NODE_8842_length_1651_cov_3.550752_1	RA18	550	II	24.7	1651	1	False	False	False	False	False	False	False	False	012_12_RA18_GMCF3029a.meta__NODE_8842_length_1651_cov_3.550752_1
012_12_RA18_GMCF3029a.meta__NODE_90023_length_627_cov_1.737762_1	RA18	208	II	68.3	627	1	False	False	False	False	False	False	False	False	012_12_RA18_GMCF3029a.meta__NODE_90023_length_627_cov_1.737762_1
012_12_RA18_GMCF3029a.sc__NODE_122956_length_644_cov_1.850594_1	RA18	214	I	27.1	644	1	False	False	False	False	False	False	False	False	012_12_RA18_GMCF3029a.sc__NODE_122956_length_644_cov_1.850594_1
012_12_RA18_GMCF3029a.sc__NODE_14752_length_1522_cov_2.741650_1	RA18	506	II	25.3	1522	1	False	False	False	False	False	False	False	False	012_12_RA18_GMCF3029a.sc__NODE_14752_length_1522_cov_2.741650_1
012_12_RA18_GMCF3029a.sc__NODE_154225_length_588_cov_2.864916_1	RA18	195	II	72.5	588	1	False	False	False	False	False	False	False	False	012_12_RA18_GMCF3029a.sc__NODE_154225_length_588_cov_2.864916_1
012_12_RA18_GMCF3029a.sc__NODE_165471_length_572_cov_2.889749_1	RA18	190	I	34.1	572	1	False	False	False	False	False	False	False	False	012_12_RA18_GMCF3029a.sc__NODE_165471_length_572_cov_2.889749_1
012_12_RA18_GMCF3029a.sc__NODE_181561_length_552_cov_1.726358_1	RA18	183	II	73.5	552	1	False	False	False	False	False	False	False	False	012_12_RA18_GMCF3029a.sc__NODE_181561_length_552_cov_1.726358_1
012_12_RA18_GMCF3029a.sc__NODE_18185_length_1395_cov_3.590299_2	RA18	179	II	66.3	1395	2	True	False	False	False	False	False	False	False	012_12_RA18_GMCF3029a.sc__NODE_18185_length_1395_cov_3.590299_2
012_12_RA18_GMCF3029a.sc__NODE_185685_length_547_cov_1.802846_1	RA18	182	I	61.7	547	1	False	False	False	False	False	False	False	False	012_12_RA18_GMCF3029a.sc__NODE_185685_length_547_cov_1.802846_1
012_12_RA18_GMCF3029a.sc__NODE_186631_length_546_cov_1.596741_1	RA18	182	I	89.5	546	1	False	False	False	False	False	False	False	False	012_12_RA18_GMCF3029a.sc__NODE_186631_length_546_cov_1.596741_1
012_12_RA18_GMCF3029a.sc__NODE_189926_length_542_cov_1.915811_1	RA18	180	II	62.2	542	1	False	False	False	False	False	False	False	False	012_12_RA18_GMCF3029a.sc__NODE_189926_length_542_cov_1.915811_1
012_12_RA18_GMCF3029a.sc__NODE_1900_length_3632_cov_3.671792_4	RA18	606	I	23.4	3632	4	False	True	False	False	False	False	False	True	012_12_RA18_GMCF3029a.sc__NODE_1900_length_3632_cov_3.671792_4
012_12_RA18_GMCF3029a.sc__NODE_19488_length_1355_cov_4.950769_1	RA18	441	II	25.7	1355	1	False	False	False	False	False	False	False	False	012_12_RA18_GMCF3029a.sc__NODE_19488_length_1355_cov_4.950769_1
012_12_RA18_GMCF3029a.sc__NODE_231690_length_501_cov_1.278027_1	RA18	167	II	31.9	501	1	False	False	False	False	False	False	False	False	012_12_RA18_GMCF3029a.sc__NODE_231690_length_501_cov_1.278027_1
012_12_RA18_GMCF3029a.sc__NODE_25425_length_1215_cov_3.584483_1	RA18	404	II	25.7	1215	1	False	False	False	False	False	False	False	False	012_12_RA18_GMCF3029a.sc__NODE_25425_length_1215_cov_3.584483_1
012_12_RA18_GMCF3029a.sc__NODE_32135_length_1104_cov_1.572927_1	RA18	367	II	57.1	1104	1	False	False	False	False	False	False	False	False	012_12_RA18_GMCF3029a.sc__NODE_32135_length_1104_cov_1.572927_1
012_12_RA18_GMCF3029a.sc__NODE_33331_length_1087_cov_3.501938_1	RA18	303	II	46.0	1087	1	False	False	False	False	False	False	False	False	012_12_RA18_GMCF3029a.sc__NODE_33331_length_1087_cov_3.501938_1
012_12_RA18_GMCF3029a.sc__NODE_34112_length_1078_cov_1.143695_1	RA18	239	I	27.8	1078	2	False	False	False	False	False	False	False	False	012_12_RA18_GMCF3029a.sc__NODE_34112_length_1078_cov_1.143695_1
012_12_RA18_GMCF3029a.sc__NODE_42093_length_988_cov_1.807074_1	RA18	307	I	34.6	988	1	False	False	False	False	False	False	False	False	012_12_RA18_GMCF3029a.sc__NODE_42093_length_988_cov_1.807074_1
012_12_RA18_GMCF3029a.sc__NODE_44345_length_967_cov_2.605263_1	RA18	322	II	24.1	967	1	False	False	False	False	False	False	False	False	012_12_RA18_GMCF3029a.sc__NODE_44345_length_967_cov_2.605263_1
012_12_RA18_GMCF3029a.sc__NODE_45102_length_961_cov_1.683223_1	RA18	301	II	64.3	961	1	False	False	False	False	False	False	False	False	012_12_RA18_GMCF3029a.sc__NODE_45102_length_961_cov_1.683223_1
012_12_RA18_GMCF3029a.sc__NODE_56639_length_876_cov_1.556638_1	RA18	292	II	36.1	876	1	False	False	False	False	False	False	False	False	012_12_RA18_GMCF3029a.sc__NODE_56639_length_876_cov_1.556638_1
013_13_RA22_GMCF3029a.meta__NODE_23871_length_831_cov_4.630155_1	RA22	200	II	29.3	831	2	False	False	False	False	False	False	False	False	013_13_RA22_GMCF3029a.meta__NODE_23871_length_831_cov_4.630155_1
013_13_RA22_GMCF3029a.meta__NODE_3077_length_1800_cov_2.651576_2	RA22	397	II	65.7	1812	2	False	False	False	False	False	False	False	False	013_13_RA22_GMCF3029a.sc__NODE_4631_length_1812_cov_3.529880_2
013_13_RA22_GMCF3029a.meta__NODE_35144_length_713_cov_3.066869_1	RA22	237	I	34.3	713	1	False	False	False	False	False	False	False	False	013_13_RA22_GMCF3029a.meta__NODE_35144_length_713_cov_3.066869_1
013_13_RA22_GMCF3029a.meta__NODE_3560_length_1709_cov_3.212213_3	RA22	176	II	61.9	2099	3	False	False	False	False	False	False	False	True	013_13_RA22_GMCF3029a.sc__NODE_3191_length_2099_cov_2.980431_1
013_13_RA22_GMCF3029a.meta__NODE_38465_length_689_cov_1.687697_2	RA22	158	II	39.4	689	2	False	False	False	False	False	False	False	False	013_13_RA22_GMCF3029a.meta__NODE_38465_length_689_cov_1.687697_2
013_13_RA22_GMCF3029a.meta__NODE_4827_length_1527_cov_3.934783_3	RA22	168	II	44.1	1527	3	True	True	True	False	False	False	False	True	013_13_RA22_GMCF3029a.meta__NODE_4827_length_1527_cov_3.934783_3
013_13_RA22_GMCF3029a.meta__NODE_65577_length_556_cov_2.227545_1	RA22	184	II	33.9	556	1	False	False	False	False	False	False	False	False	013_13_RA22_GMCF3029a.meta__NODE_65577_length_556_cov_2.227545_1
013_13_RA22_GMCF3029a.meta__NODE_81264_length_510_cov_2.547253_1	RA22	154	I	78.1	510	1	False	False	False	False	False	False	False	False	013_13_RA22_GMCF3029a.meta__NODE_81264_length_510_cov_2.547253_1
013_13_RA22_GMCF3029a.sc__NODE_101205_length_521_cov_2.487124_1	RA22	173	II	70.5	521	1	False	False	False	False	False	False	False	False	013_13_RA22_GMCF3029a.sc__NODE_101205_length_521_cov_2.487124_1
013_13_RA22_GMCF3029a.sc__NODE_10858_length_1293_cov_7.333086_1	RA22	431	II	34.7	1293	1	False	False	False	False	False	False	False	False	013_13_RA22_GMCF3029a.sc__NODE_10858_length_1293_cov_7.333086_1
013_13_RA22_GMCF3029a.sc__NODE_13165_length_1199_cov_2.816434_1	RA22	399	II	26.5	1199	1	False	False	False	False	False	False	False	False	013_13_RA22_GMCF3029a.sc__NODE_13165_length_1199_cov_2.816434_1
013_13_RA22_GMCF3029a.sc__NODE_31369_length_846_cov_15.948167_1	RA22	281	II	38.2	846	1	False	False	False	False	False	False	False	False	013_13_RA22_GMCF3029a.sc__NODE_31369_length_846_cov_15.948167_1
013_13_RA22_GMCF3029a.sc__NODE_4121_length_1894_cov_2.593801_2	RA22	451	II	28.0	1894	2	False	True	False	False	False	False	False	False	013_13_RA22_GMCF3029a.sc__NODE_4121_length_1894_cov_2.593801_2
013_13_RA22_GMCF3029a.sc__NODE_6654_length_1568_cov_2.377396_1	RA22	392	II	31.1	1568	1	False	False	False	False	False	False	False	False	013_13_RA22_GMCF3029a.sc__NODE_6654_length_1568_cov_2.377396_1
013_13_RA22_GMCF3029a.sc__NODE_87294_length_555_cov_1.680000_1	RA22	185	II	49.2	555	1	False	False	False	False	False	False	False	False	013_13_RA22_GMCF3029a.sc__NODE_87294_length_555_cov_1.680000_1
014_14_RA23_GMCF3029a.meta__NODE_16155_length_1274_cov_3.269893_1	RA23	311	II	34.5	1322	2	False	False	False	False	False	False	False	False	014_14_RA23_GMCF3029a.sc__NODE_21321_length_1322_cov_3.225730_1
014_14_RA23_GMCF3029a.meta__NODE_17711_length_1230_cov_3.954894_2	RA23	278	II	29.8	1230	2	False	False	False	False	False	False	False	False	014_14_RA23_GMCF3029a.meta__NODE_17711_length_1230_cov_3.954894_2
014_14_RA23_GMCF3029a.meta__NODE_33743_length_949_cov_3.372483_1	RA23	316	II	32.4	949	1	False	False	False	False	False	False	False	False	014_14_RA23_GMCF3029a.meta__NODE_33743_length_949_cov_3.372483_1
014_14_RA23_GMCF3029a.meta__NODE_43878_length_847_cov_1.547980_1	RA23	263	II	35.3	847	1	False	False	False	False	False	False	False	False	014_14_RA23_GMCF3029a.meta__NODE_43878_length_847_cov_1.547980_1
014_14_RA23_GMCF3029a.meta__NODE_52123_length_785_cov_2.031507_1	RA23	261	II	24.7	785	1	False	False	False	False	False	False	False	False	014_14_RA23_GMCF3029a.meta__NODE_52123_length_785_cov_2.031507_1
014_14_RA23_GMCF3029a.meta__NODE_58913_length_744_cov_2.390421_1	RA23	247	II	77.4	744	1	False	False	False	False	False	False	False	False	014_14_RA23_GMCF3029a.meta__NODE_58913_length_744_cov_2.390421_1
014_14_RA23_GMCF3029a.meta__NODE_70438_length_687_cov_3.452532_1	RA23	228	II	38.3	687	1	False	False	False	False	False	False	False	False	014_14_RA23_GMCF3029a.meta__NODE_70438_length_687_cov_3.452532_1
014_14_RA23_GMCF3029a.sc__NODE_119942_length_591_cov_2.246269_1	RA23	196	I	82.4	591	1	False	False	False	False	False	False	False	False	014_14_RA23_GMCF3029a.sc__NODE_119942_length_591_cov_2.246269_1
014_14_RA23_GMCF3029a.sc__NODE_22759_length_1284_cov_3.219691_1	RA23	427	II	25.6	1284	1	False	False	False	False	False	False	False	False	014_14_RA23_GMCF3029a.sc__NODE_22759_length_1284_cov_3.219691_1
014_14_RA23_GMCF3029a.sc__NODE_533_length_5213_cov_7.401706_3	RA23	731	I	23.6	5213	4	False	True	False	False	False	False	False	True	014_14_RA23_GMCF3029a.sc__NODE_533_length_5213_cov_7.401706_3
005_5_RA3_GMCF3029a.meta__NODE_17737_length_682_cov_2.229665_1	RA3	226	II	41.8	682	1	False	False	False	False	False	False	False	False	005_5_RA3_GMCF3029a.meta__NODE_17737_length_682_cov_2.229665_1
