cand	in_coxL	fI_sup	fII_sup	motif	p19919_cov	motif_class	nearest_ref	placement	verdict	rep	library	n_members	len_aa	best_ref	best_pid	contig_len	assessable	coxM	coxS	coxMSL_order	coxG	coxD	coxE	coxF	taxonomy	lineage	qc_pass	context
CAND_RA16_346473_1	TRUE	100	NA	SYRCSFR	248-425	CSFR core, non-canonical	REF011_FI_Actibacterium_lipolyticum_A0A238JPJ5	form I (>=95)	form I placement; motif not form I/not covered	010_10_RA16_GMCF3029a.meta__NODE_46039_length_537_cov_3.346473_1	RA16	2	178	REF011_FI_Actibacterium_lipolyticum_A0A238JPJ5	93.3	537	FALSE	FALSE	FALSE	FALSE	FALSE	FALSE	FALSE	FALSE	Bacteria	root;cellular organisms;Bacteria	TRUE	not assessable (contig 537 bp)
CAND_RA16_330126_2	TRUE	100	NA		467-809	not covered	REF011_FI_Actibacterium_lipolyticum_A0A238JPJ5	form I (>=95)	form I placement; motif not form I/not covered	010_10_RA16_GMCF3029a.sc__NODE_7214_length_1406_cov_4.330126_2	RA16	3	343	REF011_FI_Actibacterium_lipolyticum_A0A238JPJ5	90.9	1406	FALSE	FALSE	FALSE	FALSE	FALSE	TRUE	FALSE	FALSE	Alphaproteobacteria|root|Pseudomonadota	root;cellular organisms;Bacteria;Pseudomonadota;Alphaproteobacteria|root|root;cellular organisms;Bacteria;Pseudomonadota	TRUE	not assessable (contig 1406 bp)
CAND_RA18_802846_1	TRUE	100	NA		159-347	not covered	REF003_FI_Thermomicrobium_roseum_strain_ATCC__B9L450	form I (>=95)	form I placement; motif not form I/not covered	012_12_RA18_GMCF3029a.sc__NODE_185685_length_547_cov_1.802846_1	RA18	1	182	REF003_FI_Thermomicrobium_roseum_strain_ATCC__B9L450	61.7	547	FALSE	FALSE	FALSE	FALSE	FALSE	FALSE	FALSE	FALSE	Bacteroidota	root;cellular organisms;Bacteria;FCB group;Bacteroidota/Chlorobiota group;Bacteroidota	TRUE	not assessable (contig 547 bp)
CAND_RA18_596741_1	TRUE	100	NA		536-798	not covered	REF011_FI_Actibacterium_lipolyticum_A0A238JPJ5	form I (>=95)	form I placement; motif not form I/not covered	012_12_RA18_GMCF3029a.sc__NODE_186631_length_546_cov_1.596741_1	RA18	1	182	REF011_FI_Actibacterium_lipolyticum_A0A238JPJ5	89.5	546	FALSE	FALSE	FALSE	FALSE	FALSE	FALSE	FALSE	FALSE	Bacteria	root;cellular organisms;Bacteria	TRUE	not assessable (contig 546 bp)
CAND_RA23_246269_1	TRUE	100	NA		544-809	not covered	REF009_FI_Cupriavidus_numazuensis_A0ABM8THX1	form I (>=95)	form I placement; motif not form I/not covered	014_14_RA23_GMCF3029a.sc__NODE_119942_length_591_cov_2.246269_1	RA23	1	196	REF032_FI_Tepidimonas_aquatica_A0A554WCA0	82.4	591	FALSE	FALSE	FALSE	FALSE	FALSE	FALSE	FALSE	FALSE	Gammaproteobacteria	root;cellular organisms;Bacteria;Pseudomonadota;Gammaproteobacteria	TRUE	not assessable (contig 591 bp)
CAND_RA22_547253_1	TRUE	93	NA		5-163	not covered	REF021_FI_Pseudonocardia_autotrophica_Amycola_A0A1Y2N3L2	form I (<95)	form I placement, weak support	013_13_RA22_GMCF3029a.meta__NODE_81264_length_510_cov_2.547253_1	RA22	2	154	REF021_FI_Pseudonocardia_autotrophica_Amycola_A0A1Y2N3L2	78.1	510	FALSE	FALSE	FALSE	FALSE	FALSE	FALSE	FALSE	FALSE	Actinomycetota	root;cellular organisms;Bacteria;Terrabacteria group;Actinomycetota	TRUE	not assessable (contig 510 bp)
CAND_RA15_697464_1	TRUE	NA	100	AYRGAGR	4-536	form II (AYXGAGR)	REF052_FII_Bradyrhizobium_ivorense_A0A508SVN1	form II (>=95)	form II	009_9_RA15_GMCF3029a.meta__NODE_30980_length_607_cov_1.697464_1	RA15	2	157	REF052_FII_Bradyrhizobium_ivorense_A0A508SVN1	81.8	607	FALSE	FALSE	FALSE	FALSE	FALSE	FALSE	FALSE	FALSE	Bacteria	root;cellular organisms;Bacteria	TRUE	not assessable (contig 607 bp)
CAND_RA17_531381_1	TRUE	NA	98		408-632	not covered	REF041_FII_Actibacterium_lipolyticum_A0A238JRA4	form II (>=95)	form II	011_11_RA17_GMCF3029a.sc__NODE_126388_length_533_cov_1.531381_1	RA17	1	177	REF041_FII_Actibacterium_lipolyticum_A0A238JRA4	68.1	533	FALSE	FALSE	FALSE	FALSE	FALSE	FALSE	FALSE	FALSE	cellular organisms	root;cellular organisms	TRUE	not assessable (contig 533 bp)
CAND_RA17_512195_1	TRUE	NA	98	AYRGAGR	4-530	form II (AYXGAGR)	REF041_FII_Actibacterium_lipolyticum_A0A238JRA4	form II (>=95)	form II	011_11_RA17_GMCF3029a.sc__NODE_96723_length_588_cov_1.512195_1	RA17	1	195	REF041_FII_Actibacterium_lipolyticum_A0A238JRA4	62.4	588	FALSE	FALSE	FALSE	FALSE	FALSE	FALSE	FALSE	FALSE	root	root	TRUE	not assessable (contig 588 bp)
CAND_RA18_607539_1	TRUE	NA	100		656-804	not covered	REF048_FII_Ascidiaceihabitans_donghaensis_A0A2R8BD61	form II (>=95)	form II	012_12_RA18_GMCF3029a.meta__NODE_154737_length_506_cov_3.607539_1	RA18	1	155	REF062_FII_Falsiruegeria_litorea_R37_A0A1Y5S8H3	83.4	506	FALSE	FALSE	FALSE	FALSE	FALSE	FALSE	FALSE	FALSE	Rhodobacterales	root;cellular organisms;Bacteria;Pseudomonadota;Alphaproteobacteria;Rhodobacterales	TRUE	not assessable (contig 506 bp)
CAND_RA18_945042_3	TRUE	NA	100		648-804	not covered	REF048_FII_Ascidiaceihabitans_donghaensis_A0A2R8BD61	form II (>=95)	form II	012_12_RA18_GMCF3029a.meta__NODE_7943_length_1729_cov_2.945042_3	RA18	1	161	REF062_FII_Falsiruegeria_litorea_R37_A0A1Y5S8H3	81.6	1729	TRUE	TRUE	FALSE	FALSE	FALSE	FALSE	FALSE	FALSE	Rhodobacterales	root;cellular organisms;Bacteria;Pseudomonadota;Alphaproteobacteria;Rhodobacterales	TRUE	contig 1729 bp; coxM TRUE, coxS FALSE, MSL order FALSE, coxG FALSE, coxD/E/F FALSE
CAND_RA18_203704_1	TRUE	NA	98		429-631	not covered	REF054_FII_Cereibacter_sphaeroides_strain_ATCC_Q3J2E6	form II (>=95)	form II	012_12_RA18_GMCF3029a.meta__NODE_102469_length_595_cov_2.203704_1	RA18	2	198	REF060_FII_Donghicola_eburneus_A0A1M4N221	72.3	595	FALSE	FALSE	FALSE	FALSE	FALSE	FALSE	FALSE	FALSE	Rhodobacterales	root;cellular organisms;Bacteria;Pseudomonadota;Alphaproteobacteria;Rhodobacterales	TRUE	not assessable (contig 595 bp)
CAND_RA18_590299_2	TRUE	NA	98	AYRGAGR	4-489	form II (AYXGAGR)	REF054_FII_Cereibacter_sphaeroides_strain_ATCC_Q3J2E6	form II (>=95)	form II	012_12_RA18_GMCF3029a.sc__NODE_18185_length_1395_cov_3.590299_2	RA18	1	179	REF045_FII_Albidovulum_aquaemixtae_A0A2R8B4Q9	66.3	1395	FALSE	TRUE	FALSE	FALSE	FALSE	FALSE	FALSE	FALSE	Rhodobacterales	root;cellular organisms;Bacteria;Pseudomonadota;Alphaproteobacteria;Rhodobacterales	TRUE	not assessable (contig 1395 bp)
CAND_RA18_726358_1	TRUE	NA	100	AYRGAGR	378-772	form II (AYXGAGR)	REF052_FII_Bradyrhizobium_ivorense_A0A508SVN1	form II (>=95)	form II	012_12_RA18_GMCF3029a.sc__NODE_181561_length_552_cov_1.726358_1	RA18	2	183	REF052_FII_Bradyrhizobium_ivorense_A0A508SVN1	73.5	552	FALSE	FALSE	FALSE	FALSE	FALSE	FALSE	FALSE	FALSE	root	root	TRUE	not assessable (contig 552 bp)
CAND_RA18_915811_1	TRUE	NA	98	T	391-697	not covered	REF041_FII_Actibacterium_lipolyticum_A0A238JRA4	form II (>=95)	form II	012_12_RA18_GMCF3029a.sc__NODE_189926_length_542_cov_1.915811_1	RA18	1	180	REF041_FII_Actibacterium_lipolyticum_A0A238JRA4	62.2	542	FALSE	FALSE	FALSE	FALSE	FALSE	FALSE	FALSE	FALSE			TRUE	not assessable (contig 542 bp)
CAND_RA18_951830_1	TRUE	NA	98		552-746	not covered	REF041_FII_Actibacterium_lipolyticum_A0A238JRA4	form II (>=95)	form II	012_12_RA18_GMCF3029a.meta__NODE_112497_length_574_cov_1.951830_1	RA18	2	191	REF041_FII_Actibacterium_lipolyticum_A0A238JRA4	65.8	574	FALSE	FALSE	FALSE	FALSE	FALSE	FALSE	FALSE	FALSE			TRUE	not assessable (contig 574 bp)
CAND_RA18_737762_1	TRUE	NA	98		523-734	not covered	REF041_FII_Actibacterium_lipolyticum_A0A238JRA4	form II (>=95)	form II	012_12_RA18_GMCF3029a.meta__NODE_90023_length_627_cov_1.737762_1	RA18	2	208	REF041_FII_Actibacterium_lipolyticum_A0A238JRA4	68.3	627	FALSE	FALSE	FALSE	FALSE	FALSE	FALSE	FALSE	FALSE			TRUE	not assessable (contig 627 bp)
CAND_RA18_494208_1	TRUE	NA	98		2-288	not covered	REF041_FII_Actibacterium_lipolyticum_A0A238JRA4	form II (>=95)	form II	012_12_RA18_GMCF3029a.meta__NODE_113088_length_573_cov_1.494208_1	RA18	1	190	REF041_FII_Actibacterium_lipolyticum_A0A238JRA4	56.8	573	FALSE	FALSE	FALSE	FALSE	FALSE	FALSE	FALSE	FALSE			TRUE	not assessable (contig 573 bp)
CAND_RA18_572927_1	TRUE	NA	98	AYRGAGR	2-786	form II (AYXGAGR)	REF041_FII_Actibacterium_lipolyticum_A0A238JRA4	form II (>=95)	form II	012_12_RA18_GMCF3029a.sc__NODE_32135_length_1104_cov_1.572927_1	RA18	1	367	REF060_FII_Donghicola_eburneus_A0A1M4N221	57.1	1104	FALSE	FALSE	FALSE	FALSE	FALSE	FALSE	FALSE	FALSE	Alphaproteobacteria	root;cellular organisms;Bacteria;Pseudomonadota;Alphaproteobacteria	TRUE	not assessable (contig 1104 bp)
CAND_RA18_950593_1	TRUE	NA	98	GR	71-417	not covered	REF033_FII_Acidiphilium_multivorum_strain_DSM__F0J165	form II (>=95)	form II	012_12_RA18_GMCF3029a.meta__NODE_119275_length_561_cov_1.950593_1	RA18	2	186	REF050_FII_Blastochloris_viridis_Rhodopseudomo_A0A0H5BCZ6	40.5	561	FALSE	FALSE	FALSE	FALSE	FALSE	FALSE	FALSE	FALSE			TRUE	not assessable (contig 561 bp)
CAND_RA18_501938_1	TRUE	NA	98		508-807	not covered	REF033_FII_Acidiphilium_multivorum_strain_DSM__F0J165	form II (>=95)	form II	012_12_RA18_GMCF3029a.sc__NODE_33331_length_1087_cov_3.501938_1	RA18	2	303	REF033_FII_Acidiphilium_multivorum_strain_DSM__F0J165	46	1087	FALSE	FALSE	FALSE	FALSE	FALSE	FALSE	FALSE	FALSE	unclassified Alphaproteobacteria	root;cellular organisms;Bacteria;Pseudomonadota;Alphaproteobacteria;unclassified Alphaproteobacteria	TRUE	not assessable (contig 1087 bp)
CAND_RA18_864916_1	TRUE	NA	98		65-347	not covered	REF037_FII_Fibrella_aestuarina_BUZ_2_I0KFJ2	form II (>=95)	form II	012_12_RA18_GMCF3029a.sc__NODE_154225_length_588_cov_2.864916_1	RA18	2	195	REF037_FII_Fibrella_aestuarina_BUZ_2_I0KFJ2	72.5	588	FALSE	FALSE	FALSE	FALSE	FALSE	FALSE	FALSE	FALSE	Bacteroidota	root;cellular organisms;Bacteria;FCB group;Bacteroidota/Chlorobiota group;Bacteroidota	TRUE	not assessable (contig 588 bp)
CAND_RA18_683223_1	TRUE	NA	98		4-317	not covered	REF037_FII_Fibrella_aestuarina_BUZ_2_I0KFJ2	form II (>=95)	form II	012_12_RA18_GMCF3029a.sc__NODE_45102_length_961_cov_1.683223_1	RA18	2	301	REF037_FII_Fibrella_aestuarina_BUZ_2_I0KFJ2	64.3	961	FALSE	FALSE	FALSE	FALSE	FALSE	FALSE	FALSE	FALSE	Bacteroidota	root;cellular organisms;Bacteria;FCB group;Bacteroidota/Chlorobiota group;Bacteroidota	TRUE	not assessable (contig 961 bp)
CAND_RA18_204030_1	TRUE	NA	100		39-323	not covered	REF059_FII_Streptomonospora_litoralis_A0A4P6PZM8	form II (>=95)	form II	012_12_RA18_GMCF3029a.meta__NODE_42745_length_849_cov_2.204030_1	RA18	2	282	REF059_FII_Streptomonospora_litoralis_A0A4P6PZM8	47.6	849	FALSE	FALSE	FALSE	FALSE	FALSE	FALSE	FALSE	FALSE	Actinomycetota	root;cellular organisms;Bacteria;Terrabacteria group;Actinomycetota	TRUE	not assessable (contig 849 bp)
CAND_RA22_651576_2	TRUE	NA	98		393-809	not covered	REF041_FII_Actibacterium_lipolyticum_A0A238JRA4	form II (>=95)	form II	013_13_RA22_GMCF3029a.meta__NODE_3077_length_1800_cov_2.651576_2	RA22	2	397	REF041_FII_Actibacterium_lipolyticum_A0A238JRA4	65.7	1812	FALSE	FALSE	FALSE	FALSE	FALSE	FALSE	FALSE	FALSE	Rhodobacterales	root;cellular organisms;Bacteria;Pseudomonadota;Alphaproteobacteria;Rhodobacterales	TRUE	not assessable (contig 1812 bp)
CAND_RA22_212213_3	TRUE	NA	98		4-633	not covered	REF041_FII_Actibacterium_lipolyticum_A0A238JRA4	form II (>=95)	form II	013_13_RA22_GMCF3029a.meta__NODE_3560_length_1709_cov_3.212213_3	RA22	2	176	REF041_FII_Actibacterium_lipolyticum_A0A238JRA4	61.9	2099	TRUE	FALSE	FALSE	FALSE	FALSE	FALSE	FALSE	FALSE	Ascidiaceihabitans donghaensis	root;cellular organisms;Bacteria;Pseudomonadota;Alphaproteobacteria;Rhodobacterales;Paracoccaceae;Ascidiaceihabitans;Ascidiaceihabitans donghaensis	TRUE	contig 2099 bp; coxM FALSE, coxS FALSE, MSL order FALSE, coxG FALSE, coxD/E/F FALSE
CAND_RA22_680000_1	TRUE	NA	98	KQRSRG	101-693	not covered	REF041_FII_Actibacterium_lipolyticum_A0A238JRA4	form II (>=95)	form II	013_13_RA22_GMCF3029a.sc__NODE_87294_length_555_cov_1.680000_1	RA22	1	185	REF041_FII_Actibacterium_lipolyticum_A0A238JRA4	49.2	555	FALSE	FALSE	FALSE	FALSE	FALSE	FALSE	FALSE	FALSE			TRUE	not assessable (contig 555 bp)
CAND_RA22_487124_1	TRUE	NA	98	AYRGAGR	270-800	form II (AYXGAGR)	REF037_FII_Fibrella_aestuarina_BUZ_2_I0KFJ2	form II (>=95)	form II	013_13_RA22_GMCF3029a.sc__NODE_101205_length_521_cov_2.487124_1	RA22	1	173	REF037_FII_Fibrella_aestuarina_BUZ_2_I0KFJ2	70.5	521	FALSE	FALSE	FALSE	FALSE	FALSE	FALSE	FALSE	FALSE	Flavobacteriaceae	root;cellular organisms;Bacteria;FCB group;Bacteroidota/Chlorobiota group;Bacteroidota;Flavobacteriia;Flavobacteriales;Flavobacteriaceae	TRUE	not assessable (contig 521 bp)
CAND_RA23_390421_1	TRUE	NA	98	AYRGAGR	138-396	form II (AYXGAGR)	REF054_FII_Cereibacter_sphaeroides_strain_ATCC_Q3J2E6	form II (>=95)	form II	014_14_RA23_GMCF3029a.meta__NODE_58913_length_744_cov_2.390421_1	RA23	2	247	REF054_FII_Cereibacter_sphaeroides_strain_ATCC_Q3J2E6	77.4	744	FALSE	FALSE	FALSE	FALSE	FALSE	FALSE	FALSE	FALSE	Rhodobacterales	root;cellular organisms;Bacteria;Pseudomonadota;Alphaproteobacteria;Rhodobacterales	TRUE	not assessable (contig 744 bp)
CAND_PWA3_523020_1	FALSE	NA	NA		4-795	not covered	REF036_FII_Calidithermus_roseus_A0A399EKG8	outside CoxL clade	not CoxL (other Mo hydroxylase)	003_3_PWA3_GMCF3029a.meta__NODE_57952_length_598_cov_2.523020_1	PWA3	2	181	REF045_FII_Albidovulum_aquaemixtae_A0A2R8B4Q9	28.6	598	FALSE	FALSE	FALSE	FALSE	FALSE	FALSE	FALSE	FALSE			FALSE	not assessable (contig 598 bp)
CAND_RA14_046742_1	FALSE	NA	NA	SMRAPGE	36-571	other	REF036_FII_Calidithermus_roseus_A0A399EKG8	outside CoxL clade	not CoxL (other Mo hydroxylase)	008_8_RA14_GMCF3029a.sc__NODE_5108_length_1467_cov_3.046742_1	RA14	2	489	REF034_FII_Actinoallomurus_iriomotensis_A0A9W6W744	26.3	1467	FALSE	FALSE	FALSE	FALSE	FALSE	FALSE	FALSE	FALSE			TRUE	not assessable (contig 1467 bp)
CAND_RA15_671800_1	FALSE	NA	NA		4-559	not covered	REF065_OUT_Megalodesulfovibrio_gigas_Desulfovi_Q46509	outside CoxL clade	not CoxL (other Mo hydroxylase)	009_9_RA15_GMCF3029a.sc__NODE_11121_length_1094_cov_2.671800_1	RA15	1	245	REF044_FII_Sulfoacidibacillus_ferrooxidans_A0A9X1V6V7	33.1	1094	FALSE	FALSE	TRUE	FALSE	FALSE	FALSE	FALSE	FALSE			TRUE	not assessable (contig 1094 bp)
CAND_RA15_167045_1	FALSE	NA	NA	SMRAPGE	20-809	other	REF036_FII_Calidithermus_roseus_A0A399EKG8	outside CoxL clade	not CoxL (other Mo hydroxylase)	009_9_RA15_GMCF3029a.sc__NODE_4025_length_1815_cov_3.167045_1	RA15	2	605	REF036_FII_Calidithermus_roseus_A0A399EKG8	26.2	1815	FALSE	FALSE	FALSE	FALSE	FALSE	FALSE	FALSE	FALSE			TRUE	not assessable (contig 1815 bp)
CAND_RA16_269896_1	FALSE	NA	NA		68-293	not covered	REF065_OUT_Megalodesulfovibrio_gigas_Desulfovi_Q46509	outside CoxL clade	not CoxL (other Mo hydroxylase)	010_10_RA16_GMCF3029a.meta__NODE_32052_length_633_cov_3.269896_1	RA16	2	210	REF037_FII_Fibrella_aestuarina_BUZ_2_I0KFJ2	28.2	633	FALSE	FALSE	FALSE	FALSE	FALSE	FALSE	FALSE	FALSE			TRUE	not assessable (contig 633 bp)
CAND_RA16_268005_1	FALSE	NA	NA	SVRAPGE	244-574	other	REF036_FII_Calidithermus_roseus_A0A399EKG8	outside CoxL clade	not CoxL (other Mo hydroxylase)	010_10_RA16_GMCF3029a.sc__NODE_18706_length_902_cov_5.268005_1	RA16	2	300	REF049_FII_Gandjariella_thermophila_A0A4D4J4W8	32.3	902	FALSE	FALSE	FALSE	FALSE	FALSE	FALSE	FALSE	FALSE			TRUE	not assessable (contig 902 bp)
CAND_RA16_109305_4	FALSE	NA	NA		4-799	not covered	REF036_FII_Calidithermus_roseus_A0A399EKG8	outside CoxL clade	not CoxL (other Mo hydroxylase)	010_10_RA16_GMCF3029a.meta__NODE_195_length_3623_cov_8.109305_4	RA16	2	296	REF036_FII_Calidithermus_roseus_A0A399EKG8	29.2	6035	TRUE	FALSE	FALSE	FALSE	FALSE	FALSE	FALSE	FALSE			TRUE	contig 6035 bp; coxM FALSE, coxS FALSE, MSL order FALSE, coxG FALSE, coxD/E/F FALSE
CAND_RA16_722222_1	FALSE	NA	NA		4-799	not covered	REF036_FII_Calidithermus_roseus_A0A399EKG8	outside CoxL clade	not CoxL (other Mo hydroxylase)	010_10_RA16_GMCF3029a.meta__NODE_9487_length_1063_cov_3.722222_1	RA16	2	253	REF051_FII_Modestobacter_italicus_strain_DSM_4_I4F486	30.5	1063	FALSE	FALSE	FALSE	FALSE	FALSE	FALSE	FALSE	FALSE			TRUE	not assessable (contig 1063 bp)
CAND_RA16_169932_1	FALSE	NA	NA	FWRSVGA	8-796	other	REF036_FII_Calidithermus_roseus_A0A399EKG8	outside CoxL clade	not CoxL (other Mo hydroxylase)	010_10_RA16_GMCF3029a.sc__NODE_1218_length_2862_cov_8.169932_1	RA16	1	620	REF013_FI_Capillimicrobium_parvum_A0A9E6Y1X1	27.1	2862	TRUE	FALSE	FALSE	FALSE	FALSE	FALSE	FALSE	FALSE			TRUE	contig 2862 bp; coxM FALSE, coxS FALSE, MSL order FALSE, coxG FALSE, coxD/E/F FALSE
CAND_RA16_201238_2	FALSE	NA	NA	WWRSVGH	1-801	other	REF036_FII_Calidithermus_roseus_A0A399EKG8	outside CoxL clade	not CoxL (other Mo hydroxylase)	010_10_RA16_GMCF3029a.sc__NODE_474_length_3931_cov_13.201238_2	RA16	2	731	REF014_FI_Deinococcus_caeni_A0ABP9UI58	23.6	3931	TRUE	FALSE	TRUE	FALSE	FALSE	FALSE	FALSE	FALSE			TRUE	contig 3931 bp; coxM FALSE, coxS TRUE, MSL order FALSE, coxG FALSE, coxD/E/F FALSE
CAND_RA17_333333_1	FALSE	NA	NA		477-788	not covered	REF064_OUT_Escherichia_coli_strain_K12__Q46799	outside CoxL clade	not CoxL (other Mo hydroxylase)	011_11_RA17_GMCF3029a.sc__NODE_55900_length_718_cov_3.333333_1	RA17	1	218	REF012_FI_Bacillus_methanolicus_strain_MGA3_A_I3E8H4	34.7	718	FALSE	FALSE	FALSE	FALSE	FALSE	FALSE	FALSE	FALSE			TRUE	not assessable (contig 718 bp)
CAND_RA17_685634_1	FALSE	NA	NA	FWRSVGA	14-796	other	REF036_FII_Calidithermus_roseus_A0A399EKG8	outside CoxL clade	not CoxL (other Mo hydroxylase)	011_11_RA17_GMCF3029a.meta__NODE_1184_length_2902_cov_6.685634_1	RA17	2	563	REF013_FI_Capillimicrobium_parvum_A0A9E6Y1X1	27.1	2902	TRUE	FALSE	FALSE	FALSE	FALSE	FALSE	FALSE	FALSE			TRUE	contig 2902 bp; coxM FALSE, coxS FALSE, MSL order FALSE, coxG FALSE, coxD/E/F FALSE
CAND_RA17_645677_1	FALSE	NA	NA		3-286	not covered	REF036_FII_Calidithermus_roseus_A0A399EKG8	outside CoxL clade	not CoxL (other Mo hydroxylase)	011_11_RA17_GMCF3029a.sc__NODE_16235_length_1119_cov_3.645677_1	RA17	1	373	REF003_FI_Thermomicrobium_roseum_strain_ATCC__B9L450	24.6	1119	FALSE	FALSE	FALSE	FALSE	FALSE	FALSE	FALSE	FALSE			TRUE	not assessable (contig 1119 bp)
CAND_RA17_573113_1	FALSE	NA	NA		2-342	not covered	REF036_FII_Calidithermus_roseus_A0A399EKG8	outside CoxL clade	not CoxL (other Mo hydroxylase)	011_11_RA17_GMCF3029a.sc__NODE_9992_length_1327_cov_1.573113_1	RA17	1	441	REF014_FI_Deinococcus_caeni_A0ABP9UI58	25.7	1327	FALSE	FALSE	FALSE	FALSE	FALSE	FALSE	FALSE	FALSE			TRUE	not assessable (contig 1327 bp)
CAND_RA17_771811_3	FALSE	NA	NA	WWRSVGH	1-801	other	REF036_FII_Calidithermus_roseus_A0A399EKG8	outside CoxL clade	not CoxL (other Mo hydroxylase)	011_11_RA17_GMCF3029a.meta__NODE_224_length_5064_cov_10.771811_3	RA17	2	731	REF014_FI_Deinococcus_caeni_A0ABP9UI58	23.6	5064	TRUE	FALSE	TRUE	FALSE	FALSE	FALSE	FALSE	FALSE			TRUE	contig 5064 bp; coxM FALSE, coxS TRUE, MSL order FALSE, coxG FALSE, coxD/E/F FALSE
CAND_RA17_335381_3	FALSE	NA	NA	AWRAPYT	1-694	other	REF036_FII_Calidithermus_roseus_A0A399EKG8	outside CoxL clade	not CoxL (other Mo hydroxylase)	011_11_RA17_GMCF3029a.meta__NODE_474_length_3961_cov_5.335381_3	RA17	2	637	REF057_FII_Rhodococcus_coprophilus_A0A2X4U3L5	26.5	3961	TRUE	FALSE	TRUE	FALSE	FALSE	FALSE	FALSE	FALSE			TRUE	contig 3961 bp; coxM FALSE, coxS TRUE, MSL order FALSE, coxG FALSE, coxD/E/F FALSE
CAND_RA17_041114_1	FALSE	NA	NA	AWRAPKS	240-741	other	REF036_FII_Calidithermus_roseus_A0A399EKG8	outside CoxL clade	not CoxL (other Mo hydroxylase)	011_11_RA17_GMCF3029a.sc__NODE_40381_length_809_cov_2.041114_1	RA17	1	269	REF004_FI_Thermogemmatispora_tikiterensis_A0A328VRJ9	28.5	809	FALSE	FALSE	FALSE	FALSE	FALSE	FALSE	FALSE	FALSE			TRUE	not assessable (contig 809 bp)
CAND_RA17_514474_1	FALSE	NA	NA	RAVGH	346-639	not covered	REF036_FII_Calidithermus_roseus_A0A399EKG8	outside CoxL clade	not CoxL (other Mo hydroxylase)	011_11_RA17_GMCF3029a.sc__NODE_39565_length_815_cov_2.514474_1	RA17	1	271	REF044_FII_Sulfoacidibacillus_ferrooxidans_A0A9X1V6V7	34.1	815	FALSE	FALSE	FALSE	FALSE	FALSE	FALSE	FALSE	FALSE			TRUE	not assessable (contig 815 bp)
CAND_RA18_378299_1	FALSE	NA	NA		85-744	not covered	REF065_OUT_Megalodesulfovibrio_gigas_Desulfovi_Q46509	outside CoxL clade	not CoxL (other Mo hydroxylase)	012_12_RA18_GMCF3029a.meta__NODE_60452_length_737_cov_2.378299_1	RA18	2	218	REF044_FII_Sulfoacidibacillus_ferrooxidans_A0A9X1V6V7	32.4	737	FALSE	FALSE	FALSE	FALSE	FALSE	FALSE	FALSE	FALSE			TRUE	not assessable (contig 737 bp)
CAND_RA18_120482_1	FALSE	NA	NA		57-806	not covered	REF064_OUT_Escherichia_coli_strain_K12__Q46799	outside CoxL clade	not CoxL (other Mo hydroxylase)	012_12_RA18_GMCF3029a.meta__NODE_64064_length_719_cov_4.120482_1	RA18	2	178	REF041_FII_Actibacterium_lipolyticum_A0A238JRA4	38.5	719	FALSE	FALSE	FALSE	FALSE	FALSE	FALSE	FALSE	FALSE			TRUE	not assessable (contig 719 bp)
CAND_RA18_402778_1	FALSE	NA	NA	VF	29-386	not covered	REF064_OUT_Escherichia_coli_strain_K12__Q46799	outside CoxL clade	not CoxL (other Mo hydroxylase)	012_12_RA18_GMCF3029a.meta__NODE_120268_length_559_cov_2.402778_1	RA18	2	185	REF027_FI_Pseudorhizobium_banfieldiae_L0NNE2	29.9	559	FALSE	FALSE	FALSE	FALSE	FALSE	FALSE	FALSE	FALSE			TRUE	not assessable (contig 559 bp)
CAND_RA18_766541_1	FALSE	NA	NA	AYRAPGS	4-613	other	REF064_OUT_Escherichia_coli_strain_K12__Q46799	outside CoxL clade	not CoxL (other Mo hydroxylase)	012_12_RA18_GMCF3029a.meta__NODE_22551_length_1113_cov_4.766541_1	RA18	2	341	REF040_FII_Nitrolancea_hollandica_Lb_I4ED45	27.3	1113	FALSE	FALSE	FALSE	FALSE	FALSE	FALSE	FALSE	FALSE			TRUE	not assessable (contig 1113 bp)
CAND_RA18_889749_1	FALSE	NA	NA		187-683	not covered	REF064_OUT_Escherichia_coli_strain_K12__Q46799	outside CoxL clade	not CoxL (other Mo hydroxylase)	012_12_RA18_GMCF3029a.sc__NODE_165471_length_572_cov_2.889749_1	RA18	2	190	REF021_FI_Pseudonocardia_autotrophica_Amycola_A0A1Y2N3L2	34.1	572	FALSE	FALSE	FALSE	FALSE	FALSE	FALSE	FALSE	FALSE			TRUE	not assessable (contig 572 bp)
CAND_RA18_807074_1	FALSE	NA	NA		269-809	not covered	REF064_OUT_Escherichia_coli_strain_K12__Q46799	outside CoxL clade	not CoxL (other Mo hydroxylase)	012_12_RA18_GMCF3029a.sc__NODE_42093_length_988_cov_1.807074_1	RA18	2	307	REF003_FI_Thermomicrobium_roseum_strain_ATCC__B9L450	34.6	988	FALSE	FALSE	FALSE	FALSE	FALSE	FALSE	FALSE	FALSE			TRUE	not assessable (contig 988 bp)
CAND_RA18_559322_2	FALSE	NA	NA		4-309	not covered	REF036_FII_Calidithermus_roseus_A0A399EKG8	outside CoxL clade	not CoxL (other Mo hydroxylase)	012_12_RA18_GMCF3029a.meta__NODE_22376_length_1117_cov_2.559322_2	RA18	2	281	REF036_FII_Calidithermus_roseus_A0A399EKG8	31.8	1117	FALSE	FALSE	FALSE	FALSE	FALSE	FALSE	FALSE	FALSE			TRUE	not assessable (contig 1117 bp)
CAND_RA18_018977_2	FALSE	NA	NA		272-802	not covered	REF036_FII_Calidithermus_roseus_A0A399EKG8	outside CoxL clade	not CoxL (other Mo hydroxylase)	012_12_RA18_GMCF3029a.meta__NODE_16396_length_1267_cov_3.018977_2	RA18	2	258	REF052_FII_Bradyrhizobium_ivorense_A0A508SVN1	32.2	1267	FALSE	FALSE	FALSE	FALSE	FALSE	FALSE	FALSE	FALSE			TRUE	not assessable (contig 1267 bp)
CAND_RA18_584483_1	FALSE	NA	NA		2-250	not covered	REF036_FII_Calidithermus_roseus_A0A399EKG8	outside CoxL clade	not CoxL (other Mo hydroxylase)	012_12_RA18_GMCF3029a.sc__NODE_25425_length_1215_cov_3.584483_1	RA18	1	404	REF035_FII_Ardenticatena_maritima_A0A0M8K8I5	25.7	1215	FALSE	FALSE	FALSE	FALSE	FALSE	FALSE	FALSE	FALSE			TRUE	not assessable (contig 1215 bp)
CAND_RA18_850594_1	FALSE	NA	NA		35-289	not covered	REF036_FII_Calidithermus_roseus_A0A399EKG8	outside CoxL clade	not CoxL (other Mo hydroxylase)	012_12_RA18_GMCF3029a.sc__NODE_122956_length_644_cov_1.850594_1	RA18	1	214	REF014_FI_Deinococcus_caeni_A0ABP9UI58	27.1	644	FALSE	FALSE	FALSE	FALSE	FALSE	FALSE	FALSE	FALSE			TRUE	not assessable (contig 644 bp)
CAND_RA18_259058_1	FALSE	NA	NA		8-350	not covered	REF036_FII_Calidithermus_roseus_A0A399EKG8	outside CoxL clade	not CoxL (other Mo hydroxylase)	012_12_RA18_GMCF3029a.meta__NODE_20436_length_1159_cov_7.259058_1	RA18	1	385	REF035_FII_Ardenticatena_maritima_A0A0M8K8I5	27.6	1159	FALSE	FALSE	FALSE	FALSE	FALSE	FALSE	FALSE	FALSE			TRUE	not assessable (contig 1159 bp)
CAND_RA18_741650_1	FALSE	NA	NA	FWRSVGA	8-691	other	REF036_FII_Calidithermus_roseus_A0A399EKG8	outside CoxL clade	not CoxL (other Mo hydroxylase)	012_12_RA18_GMCF3029a.sc__NODE_14752_length_1522_cov_2.741650_1	RA18	1	506	REF035_FII_Ardenticatena_maritima_A0A0M8K8I5	25.3	1522	FALSE	FALSE	FALSE	FALSE	FALSE	FALSE	FALSE	FALSE			TRUE	not assessable (contig 1522 bp)
CAND_RA18_075058_1	FALSE	NA	NA		8-274	not covered	REF036_FII_Calidithermus_roseus_A0A399EKG8	outside CoxL clade	not CoxL (other Mo hydroxylase)	012_12_RA18_GMCF3029a.meta__NODE_35266_length_921_cov_2.075058_1	RA18	1	306	REF014_FI_Deinococcus_caeni_A0ABP9UI58	26.5	921	FALSE	FALSE	FALSE	FALSE	FALSE	FALSE	FALSE	FALSE			TRUE	not assessable (contig 921 bp)
CAND_RA18_534989_2	FALSE	NA	NA	WWRSVGH	1-801	other	REF036_FII_Calidithermus_roseus_A0A399EKG8	outside CoxL clade	not CoxL (other Mo hydroxylase)	012_12_RA18_GMCF3029a.meta__NODE_835_length_4242_cov_15.534989_2	RA18	2	731	REF014_FI_Deinococcus_caeni_A0ABP9UI58	23.6	4242	TRUE	FALSE	TRUE	FALSE	FALSE	FALSE	FALSE	FALSE			TRUE	contig 4242 bp; coxM FALSE, coxS TRUE, MSL order FALSE, coxG FALSE, coxD/E/F FALSE
CAND_RA18_671792_4	FALSE	NA	NA	WWRSVGH	1-785	other	REF036_FII_Calidithermus_roseus_A0A399EKG8	outside CoxL clade	not CoxL (other Mo hydroxylase)	012_12_RA18_GMCF3029a.sc__NODE_1900_length_3632_cov_3.671792_4	RA18	1	606	REF012_FI_Bacillus_methanolicus_strain_MGA3_A_I3E8H4	23.4	3632	TRUE	FALSE	TRUE	FALSE	FALSE	FALSE	FALSE	FALSE			TRUE	contig 3632 bp; coxM FALSE, coxS TRUE, MSL order FALSE, coxG FALSE, coxD/E/F FALSE
CAND_RA18_971114_1	FALSE	NA	NA	NWRSVGS	131-804	other	REF036_FII_Calidithermus_roseus_A0A399EKG8	outside CoxL clade	not CoxL (other Mo hydroxylase)	012_12_RA18_GMCF3029a.meta__NODE_52305_length_782_cov_1.971114_1	RA18	2	260	REF003_FI_Thermomicrobium_roseum_strain_ATCC__B9L450	33.7	782	FALSE	FALSE	FALSE	FALSE	FALSE	FALSE	FALSE	FALSE			TRUE	not assessable (contig 782 bp)
CAND_RA18_950769_1	FALSE	NA	NA	AWRAPYT	8-540	other	REF036_FII_Calidithermus_roseus_A0A399EKG8	outside CoxL clade	not CoxL (other Mo hydroxylase)	012_12_RA18_GMCF3029a.sc__NODE_19488_length_1355_cov_4.950769_1	RA18	2	441	REF057_FII_Rhodococcus_coprophilus_A0A2X4U3L5	25.7	1355	FALSE	FALSE	FALSE	FALSE	FALSE	FALSE	FALSE	FALSE			TRUE	not assessable (contig 1355 bp)
CAND_RA18_550752_1	FALSE	NA	NA	AWRAPYT	14-785	other	REF036_FII_Calidithermus_roseus_A0A399EKG8	outside CoxL clade	not CoxL (other Mo hydroxylase)	012_12_RA18_GMCF3029a.meta__NODE_8842_length_1651_cov_3.550752_1	RA18	2	550	REF057_FII_Rhodococcus_coprophilus_A0A2X4U3L5	24.7	1651	FALSE	FALSE	FALSE	FALSE	FALSE	FALSE	FALSE	FALSE			TRUE	not assessable (contig 1651 bp)
CAND_RA18_912429_1	FALSE	NA	NA		79-356	not covered	REF036_FII_Calidithermus_roseus_A0A399EKG8	outside CoxL clade	not CoxL (other Mo hydroxylase)	012_12_RA18_GMCF3029a.meta__NODE_55520_length_763_cov_2.912429_1	RA18	2	254	REF057_FII_Rhodococcus_coprophilus_A0A2X4U3L5	30.3	764	FALSE	FALSE	FALSE	FALSE	FALSE	FALSE	FALSE	FALSE			TRUE	not assessable (contig 764 bp)
CAND_RA18_143695_1	FALSE	NA	NA	AWRAPKS	133-707	other	REF036_FII_Calidithermus_roseus_A0A399EKG8	outside CoxL clade	not CoxL (other Mo hydroxylase)	012_12_RA18_GMCF3029a.sc__NODE_34112_length_1078_cov_1.143695_1	RA18	1	239	REF004_FI_Thermogemmatispora_tikiterensis_A0A328VRJ9	27.8	1078	FALSE	FALSE	FALSE	FALSE	FALSE	FALSE	FALSE	FALSE			TRUE	not assessable (contig 1078 bp)
CAND_RA18_605263_1	FALSE	NA	NA	FWR	4-785	not covered	REF036_FII_Calidithermus_roseus_A0A399EKG8	outside CoxL clade	not CoxL (other Mo hydroxylase)	012_12_RA18_GMCF3029a.sc__NODE_44345_length_967_cov_2.605263_1	RA18	1	322	REF035_FII_Ardenticatena_maritima_A0A0M8K8I5	24.1	967	FALSE	FALSE	FALSE	FALSE	FALSE	FALSE	FALSE	FALSE			TRUE	not assessable (contig 967 bp)
CAND_RA18_556638_1	FALSE	NA	NA		473-761	not covered	REF036_FII_Calidithermus_roseus_A0A399EKG8	outside CoxL clade	not CoxL (other Mo hydroxylase)	012_12_RA18_GMCF3029a.sc__NODE_56639_length_876_cov_1.556638_1	RA18	1	292	REF043_FII_Deinococcus_aluminii_A0ABP9XBM4	36.1	876	FALSE	FALSE	FALSE	FALSE	FALSE	FALSE	FALSE	FALSE			TRUE	not assessable (contig 876 bp)
CAND_RA18_278027_1	FALSE	NA	NA		555-716	not covered	REF036_FII_Calidithermus_roseus_A0A399EKG8	outside CoxL clade	not CoxL (other Mo hydroxylase)	012_12_RA18_GMCF3029a.sc__NODE_231690_length_501_cov_1.278027_1	RA18	1	167	REF035_FII_Ardenticatena_maritima_A0A0M8K8I5	31.9	501	FALSE	FALSE	FALSE	FALSE	FALSE	FALSE	FALSE	FALSE			TRUE	not assessable (contig 501 bp)
CAND_RA22_066869_1	FALSE	NA	NA		20-262	not covered	REF064_OUT_Escherichia_coli_strain_K12__Q46799	outside CoxL clade	not CoxL (other Mo hydroxylase)	013_13_RA22_GMCF3029a.meta__NODE_35144_length_713_cov_3.066869_1	RA22	2	237	REF003_FI_Thermomicrobium_roseum_strain_ATCC__B9L450	34.3	713	FALSE	FALSE	FALSE	FALSE	FALSE	FALSE	FALSE	FALSE			TRUE	not assessable (contig 713 bp)
CAND_RA22_593801_2	FALSE	NA	NA		1-293	not covered	REF036_FII_Calidithermus_roseus_A0A399EKG8	outside CoxL clade	not CoxL (other Mo hydroxylase)	013_13_RA22_GMCF3029a.sc__NODE_4121_length_1894_cov_2.593801_2	RA22	1	451	REF035_FII_Ardenticatena_maritima_A0A0M8K8I5	28	1894	FALSE	FALSE	TRUE	FALSE	FALSE	FALSE	FALSE	FALSE			TRUE	not assessable (contig 1894 bp)
CAND_RA22_816434_1	FALSE	NA	NA	AWRAPYA	79-732	other	REF036_FII_Calidithermus_roseus_A0A399EKG8	outside CoxL clade	not CoxL (other Mo hydroxylase)	013_13_RA22_GMCF3029a.sc__NODE_13165_length_1199_cov_2.816434_1	RA22	2	399	REF057_FII_Rhodococcus_coprophilus_A0A2X4U3L5	26.5	1199	FALSE	FALSE	FALSE	FALSE	FALSE	FALSE	FALSE	FALSE			TRUE	not assessable (contig 1199 bp)
CAND_RA22_630155_1	FALSE	NA	NA		66-796	not covered	REF036_FII_Calidithermus_roseus_A0A399EKG8	outside CoxL clade	not CoxL (other Mo hydroxylase)	013_13_RA22_GMCF3029a.meta__NODE_23871_length_831_cov_4.630155_1	RA22	2	200	REF040_FII_Nitrolancea_hollandica_Lb_I4ED45	29.3	831	FALSE	FALSE	FALSE	FALSE	FALSE	FALSE	FALSE	FALSE			TRUE	not assessable (contig 831 bp)
CAND_RA22_227545_1	FALSE	NA	NA		404-592	not covered	REF036_FII_Calidithermus_roseus_A0A399EKG8	outside CoxL clade	not CoxL (other Mo hydroxylase)	013_13_RA22_GMCF3029a.meta__NODE_65577_length_556_cov_2.227545_1	RA22	2	184	REF040_FII_Nitrolancea_hollandica_Lb_I4ED45	33.9	556	FALSE	FALSE	FALSE	FALSE	FALSE	FALSE	FALSE	FALSE			TRUE	not assessable (contig 556 bp)
CAND_RA22_377396_1	FALSE	NA	NA	QYRAVGH	273-638	other	REF036_FII_Calidithermus_roseus_A0A399EKG8	outside CoxL clade	not CoxL (other Mo hydroxylase)	013_13_RA22_GMCF3029a.sc__NODE_6654_length_1568_cov_2.377396_1	RA22	2	392	REF035_FII_Ardenticatena_maritima_A0A0M8K8I5	31.1	1568	FALSE	FALSE	FALSE	FALSE	FALSE	FALSE	FALSE	FALSE			TRUE	not assessable (contig 1568 bp)
CAND_RA22_687697_2	FALSE	NA	NA		146-315	not covered	REF036_FII_Calidithermus_roseus_A0A399EKG8	outside CoxL clade	not CoxL (other Mo hydroxylase)	013_13_RA22_GMCF3029a.meta__NODE_38465_length_689_cov_1.687697_2	RA22	2	158	REF040_FII_Nitrolancea_hollandica_Lb_I4ED45	39.4	689	FALSE	FALSE	FALSE	FALSE	FALSE	FALSE	FALSE	FALSE			TRUE	not assessable (contig 689 bp)
CAND_RA22_333086_1	FALSE	NA	NA	PYRGVAR	142-591	other	REF036_FII_Calidithermus_roseus_A0A399EKG8	outside CoxL clade	not CoxL (other Mo hydroxylase)	013_13_RA22_GMCF3029a.sc__NODE_10858_length_1293_cov_7.333086_1	RA22	2	431	REF035_FII_Ardenticatena_maritima_A0A0M8K8I5	34.7	1293	FALSE	FALSE	FALSE	FALSE	FALSE	FALSE	FALSE	FALSE			TRUE	not assessable (contig 1293 bp)
CAND_RA22_948167_1	FALSE	NA	NA	HVQRSGR	4-801	other	REF036_FII_Calidithermus_roseus_A0A399EKG8	outside CoxL clade	not CoxL (other Mo hydroxylase)	013_13_RA22_GMCF3029a.sc__NODE_31369_length_846_cov_15.948167_1	RA22	2	281	REF038_FII_Kyrpidia_spormannii_A0A2K8N8V7	38.2	846	FALSE	FALSE	FALSE	FALSE	FALSE	FALSE	FALSE	FALSE	unclassified Alphaproteobacteria	root;cellular organisms;Bacteria;Pseudomonadota;Alphaproteobacteria;unclassified Alphaproteobacteria	TRUE	not assessable (contig 846 bp)
CAND_RA22_934783_3	FALSE	NA	NA		4-698	not covered	REF036_FII_Calidithermus_roseus_A0A399EKG8	outside CoxL clade	not CoxL (other Mo hydroxylase)	013_13_RA22_GMCF3029a.meta__NODE_4827_length_1527_cov_3.934783_3	RA22	2	168	REF035_FII_Ardenticatena_maritima_A0A0M8K8I5	44.1	1527	TRUE	TRUE	TRUE	TRUE	FALSE	FALSE	FALSE	FALSE	Bacteria	root;cellular organisms;Bacteria	TRUE	contig 1527 bp; coxM TRUE, coxS TRUE, MSL order TRUE, coxG FALSE, coxD/E/F FALSE
CAND_RA23_547980_1	FALSE	NA	NA	LFRS	261-808	not covered	REF064_OUT_Escherichia_coli_strain_K12__Q46799	outside CoxL clade	not CoxL (other Mo hydroxylase)	014_14_RA23_GMCF3029a.meta__NODE_43878_length_847_cov_1.547980_1	RA23	2	263	REF035_FII_Ardenticatena_maritima_A0A0M8K8I5	35.3	847	FALSE	FALSE	FALSE	FALSE	FALSE	FALSE	FALSE	FALSE			TRUE	not assessable (contig 847 bp)
CAND_RA23_269893_1	FALSE	NA	NA		205-806	not covered	REF064_OUT_Escherichia_coli_strain_K12__Q46799	outside CoxL clade	not CoxL (other Mo hydroxylase)	014_14_RA23_GMCF3029a.meta__NODE_16155_length_1274_cov_3.269893_1	RA23	2	311	REF036_FII_Calidithermus_roseus_A0A399EKG8	34.5	1322	FALSE	FALSE	FALSE	FALSE	FALSE	FALSE	FALSE	FALSE			TRUE	not assessable (contig 1322 bp)
CAND_RA23_401706_3	FALSE	NA	NA	WWRSVGH	1-801	other	REF036_FII_Calidithermus_roseus_A0A399EKG8	outside CoxL clade	not CoxL (other Mo hydroxylase)	014_14_RA23_GMCF3029a.sc__NODE_533_length_5213_cov_7.401706_3	RA23	2	731	REF014_FI_Deinococcus_caeni_A0ABP9UI58	23.6	5213	TRUE	FALSE	TRUE	FALSE	FALSE	FALSE	FALSE	FALSE			TRUE	contig 5213 bp; coxM FALSE, coxS TRUE, MSL order FALSE, coxG FALSE, coxD/E/F FALSE
CAND_RA23_954894_2	FALSE	NA	NA	AWRAPYT	217-699	other	REF036_FII_Calidithermus_roseus_A0A399EKG8	outside CoxL clade	not CoxL (other Mo hydroxylase)	014_14_RA23_GMCF3029a.meta__NODE_17711_length_1230_cov_3.954894_2	RA23	2	278	REF057_FII_Rhodococcus_coprophilus_A0A2X4U3L5	29.8	1230	FALSE	FALSE	FALSE	FALSE	FALSE	FALSE	FALSE	FALSE			TRUE	not assessable (contig 1230 bp)
CAND_RA23_219691_1	FALSE	NA	NA	AWRAPYT	55-701	other	REF036_FII_Calidithermus_roseus_A0A399EKG8	outside CoxL clade	not CoxL (other Mo hydroxylase)	014_14_RA23_GMCF3029a.sc__NODE_22759_length_1284_cov_3.219691_1	RA23	1	427	REF042_FII_Actinomadura_macrotermitis_A0A7K0C220	25.6	1284	FALSE	FALSE	FALSE	FALSE	FALSE	FALSE	FALSE	FALSE			TRUE	not assessable (contig 1284 bp)
CAND_RA23_031507_1	FALSE	NA	NA		17-328	not covered	REF036_FII_Calidithermus_roseus_A0A399EKG8	outside CoxL clade	not CoxL (other Mo hydroxylase)	014_14_RA23_GMCF3029a.meta__NODE_52123_length_785_cov_2.031507_1	RA23	1	261	REF049_FII_Gandjariella_thermophila_A0A4D4J4W8	24.7	785	FALSE	FALSE	FALSE	FALSE	FALSE	FALSE	FALSE	FALSE			TRUE	not assessable (contig 785 bp)
CAND_RA23_372483_1	FALSE	NA	NA	QYRAVGH	197-577	other	REF036_FII_Calidithermus_roseus_A0A399EKG8	outside CoxL clade	not CoxL (other Mo hydroxylase)	014_14_RA23_GMCF3029a.meta__NODE_33743_length_949_cov_3.372483_1	RA23	2	316	REF035_FII_Ardenticatena_maritima_A0A0M8K8I5	32.4	949	FALSE	FALSE	FALSE	FALSE	FALSE	FALSE	FALSE	FALSE			TRUE	not assessable (contig 949 bp)
CAND_RA23_452532_1	FALSE	NA	NA		577-799	not covered	REF036_FII_Calidithermus_roseus_A0A399EKG8	outside CoxL clade	not CoxL (other Mo hydroxylase)	014_14_RA23_GMCF3029a.meta__NODE_70438_length_687_cov_3.452532_1	RA23	2	228	REF038_FII_Kyrpidia_spormannii_A0A2K8N8V7	38.3	687	FALSE	FALSE	FALSE	FALSE	FALSE	FALSE	FALSE	FALSE			TRUE	not assessable (contig 687 bp)
CAND_RA3_229665_1	FALSE	NA	NA		4-215	not covered	REF064_OUT_Escherichia_coli_strain_K12__Q46799	outside CoxL clade	not CoxL (other Mo hydroxylase)	005_5_RA3_GMCF3029a.meta__NODE_17737_length_682_cov_2.229665_1	RA3	2	226	REF038_FII_Kyrpidia_spormannii_A0A2K8N8V7	41.8	682	FALSE	FALSE	FALSE	FALSE	FALSE	FALSE	FALSE	FALSE			TRUE	not assessable (contig 682 bp)
