sample	nreads	formI	formII	outgroup	set	library	recA	recA_nreads	qc_pass	nreads_match	formI_per_M	formII_per_M	formI_per_genome	formII_per_genome	frac_formI
byers_SRR26386620	54607008	2593	9798	1335	Byers soil	ASB11	11665	54607008	TRUE	TRUE	47.48474774519783	179.42751963264496	0.09771853193046436	0.3762713745183322	0.20926478895972883
byers_SRR26386608	87965746	6575	22787	1546	Byers soil	ASB22	18097	87965746	TRUE	TRUE	74.745003583554	259.04401470090414	0.15971596538950092	0.5640648715088374	0.2239288876779511
byers_SRR26386610	52603646	2756	9990	1305	Byers soil	ASB3	11703	52603646	TRUE	TRUE	52.39180569346847	189.91079059424894	0.10352402961252817	0.382399020425584	0.21622469794445315
byers_SRR26386598	50204418	878	6912	1414	Byers soil	ASB31	NA	NA	TRUE	NA	17.488500713224084	137.6771263437413	NA	NA	0.11270860077021823
byers_SRR26386595	34776222	326	1876	645	Byers soil	ASB34	7013	34776222	TRUE	TRUE	9.37422127107424	53.94490522863582	0.02043491903224025	0.11983329002483424	0.148047229791099
byers_SRR26386585	62424304	1467	8936	1628	Byers soil	ASB43	13644	62424304	TRUE	TRUE	23.500462255854707	143.14937335945308	0.047265859885587354	0.2933931279363421	0.1410170143227915
byers_SRR26386577	68691726	2125	10589	2622	Byers soil	ASB6	14469	68691726	TRUE	TRUE	30.9353123547951	154.15248118820017	0.06456238686789216	0.32784224841977927	0.16713858738398615
air_001_1_PWA1_GMCF3029a	5158870	0	0	0	air	PWA1	8	5158870	FALSE	TRUE	0	0	0	0	0
air_002_2_PWA2_GMCF3029a	39348776	6	14	104	air	PWA2	39	39348776	TRUE	TRUE	0.1524825066985565	0.3557925156299652	0.06763099913784847	0.1608095795913055	0.3
air_003_3_PWA3_GMCF3029a	40670892	13	26	187	air	PWA3	162	40670892	FALSE	TRUE	0.3196389201397402	0.6392778402794804	0.03527666313054441	0.0718963464310334	0.3333333333333333
air_004_4_PWA4_GMCF3029a	11307194	6	0	0	air	PWA4	39	11307194	FALSE	TRUE	0.5306356289632954	0	0.06763099913784847	0	1
air_007_7_RA11_GMCF3029a	844910	0	0	0	air	RA11	NA	NA	FALSE	NA	0	0	NA	NA	0
air_008_8_RA14_GMCF3029a	42699230	205	612	673	air	RA14	2485	42699230	TRUE	TRUE	4.801023343980676	14.332811153737433	0.03626491201254852	0.11032489352357802	0.25091799265605874
air_009_9_RA15_GMCF3029a	40899798	116	294	520	air	RA15	1721	40899798	TRUE	TRUE	2.8361998267081905	7.1882995607948965	0.029630315717569862	0.07652704572067355	0.28292682926829266
air_010_10_RA16_GMCF3029a	25688980	366	261	1387	air	RA16	2476	25688980	TRUE	TRUE	14.247354313016709	10.159998567479128	0.06498148099714922	0.04722134521866774	0.583732057416268
air_011_11_RA17_GMCF3029a	56521022	635	1378	1857	air	RA17	5876	56521022	TRUE	TRUE	11.234757927767124	24.380309329863145	0.04750628811120992	0.10505480436638065	0.3154495777446597
air_012_12_RA18_GMCF3029a	58815488	789	2155	2708	air	RA18	6774	58815488	TRUE	TRUE	13.414833861448196	36.64000883576789	0.051202476982352495	0.14251171619164948	0.2680027173913043
air_013_13_RA22_GMCF3029a	39196000	330	876	1271	air	RA22	3093	39196000	TRUE	TRUE	8.419226451678743	22.349219308092664	0.04690219629831391	0.1268740122201598	0.2736318407960199
air_014_14_RA23_GMCF3029a	43063768	252	557	1389	air	RA23	2976	43063768	TRUE	TRUE	5.851787052168774	12.934307095468283	0.037224320089985136	0.08384376193985045	0.311495673671199
air_015_15_RA24_GMCF3029a	4904540	2	16	101	air	RA24	53	4904540	TRUE	TRUE	0.40778543961309316	3.2622835169047453	0.016588735637585467	0.13523608849727034	0.1111111111111111
air_005_5_RA3_GMCF3029a	31449002	17	54	110	air	RA3	428	31449002	TRUE	TRUE	0.5405576940088591	1.717065616263435	0.017460807020402463	0.056519521798946815	0.23943661971830985
air_006_6_RA8_GMCF3029a	13132422	3	30	46	air	RA8	737	13132422	TRUE	TRUE	0.22844224774379013	2.2844224774379014	0.0017894226366187854	0.018234852502600058	0.09090909090909091
