domain,time_utc,pdust_ug_m3
d01,2022-01-01 01:00,0.0001
d01,2022-01-01 03:00,0.001
d01,2022-01-01 04:00,0.0083
d01,2022-01-01 06:00,0.0601
d01,2022-01-01 07:00,0.0081
d01,2022-01-01 14:00,0.0054
d01,2022-01-02 00:00,0.0144
d01,2022-01-02 17:00,0.0003
d01,2022-01-02 20:00,0.0056
d01,2022-01-03 04:00,0.0424
d01,2022-01-03 07:00,0.0274
d01,2022-01-03 10:00,0.0036
d01,2022-01-03 13:00,0.0007
d01,2022-01-20 11:00,0.003
d01,2022-01-20 12:00,0.018
d01,2022-01-20 15:00,0.1387
d01,2022-01-20 17:00,0.0539
d01,2022-01-20 18:00,0.0574
d01,2022-01-20 19:00,0.0514
d01,2022-01-20 20:00,0.0108
d01,2022-01-20 21:00,0.028
d01,2022-01-20 22:00,0.0224
d01,2022-01-20 23:00,0.0037
d01,2022-01-21 00:00,0.0109
d01,2022-01-21 03:00,0.0031
d01,2022-01-21 19:00,0.0075
d01,2022-01-22 00:00,0.0168
d01,2022-01-22 03:00,0.0022
d01,2022-01-22 09:00,0.0024
d01,2022-01-22 18:00,0.0
d01,2022-02-07 20:00,0.0007
d01,2022-02-07 22:00,0.0146
d01,2022-02-08 00:00,0.0359
d01,2022-02-08 02:00,0.042
d01,2022-02-08 03:00,0.0531
d01,2022-02-08 05:00,0.1094
d01,2022-02-08 13:00,0.3803
d01,2022-02-08 14:00,0.441
d01,2022-02-08 15:00,0.4508
d01,2022-02-08 19:00,0.0444
d01,2022-02-08 21:00,0.006
d01,2022-02-08 23:00,0.0004
d01,2022-02-10 23:00,0.0
d01,2022-02-25 00:00,0.0001
d02,2022-01-01 01:00,0.0029
d02,2022-01-01 02:00,0.0347
d02,2022-01-01 03:00,0.1611
d02,2022-01-01 05:00,0.0788
d02,2022-01-01 06:00,0.0834
d02,2022-01-01 07:00,0.0135
d02,2022-01-01 09:00,0.001
d02,2022-01-01 14:00,0.0039
d02,2022-01-01 22:00,0.0116
d02,2022-01-02 10:00,0.0097
d02,2022-01-02 14:00,0.0043
d02,2022-01-02 22:00,0.0048
d02,2022-01-03 01:00,0.0331
d02,2022-01-03 11:00,0.0354
d02,2022-01-03 13:00,0.0065
d02,2022-01-03 15:00,0.0015
d02,2022-01-03 18:00,0.005
d02,2022-01-03 21:00,0.0283
d02,2022-01-04 00:00,0.0262
d02,2022-01-04 03:00,0.0212
d02,2022-01-04 07:00,0.0187
d02,2022-01-04 14:00,0.024
d02,2022-01-04 17:00,0.0236
d02,2022-01-05 03:00,0.0059
d02,2022-01-05 11:00,0.01
d02,2022-01-05 14:00,0.0021
d02,2022-01-06 03:00,0.0002
d02,2022-01-11 02:00,0.001
d02,2022-01-15 16:00,0.0006
d02,2022-01-17 07:00,0.0025
d02,2022-01-17 13:00,0.0018
d02,2022-01-17 20:00,0.0032
d02,2022-01-17 23:00,0.0089
d02,2022-01-18 02:00,0.0016
d02,2022-01-18 13:00,0.0
d02,2022-01-20 09:00,0.0009
d02,2022-01-20 10:00,0.0102
d02,2022-01-20 13:00,0.1593
d02,2022-01-20 14:00,0.1686
d02,2022-01-20 17:00,0.0188
d02,2022-01-20 19:00,0.0021
d02,2022-01-20 23:00,0.001
d02,2022-01-21 09:00,0.0001
d02,2022-01-21 18:00,0.0035
d02,2022-01-21 22:00,0.0092
d02,2022-01-22 02:00,0.0055
d02,2022-01-22 06:00,0.001
d02,2022-01-22 10:00,0.0052
d02,2022-01-22 13:00,0.0003
d02,2022-01-24 06:00,0.0
d02,2022-01-28 00:00,0.0
d02,2022-02-07 18:00,0.0032
d02,2022-02-07 19:00,0.0773
d02,2022-02-07 20:00,2.3282
d02,2022-02-07 21:00,8.1282
d02,2022-02-07 22:00,1.2983
d02,2022-02-07 23:00,0.1298
d02,2022-02-08 00:00,0.0674
d02,2022-02-08 02:00,0.1006
d02,2022-02-08 04:00,0.1335
d02,2022-02-08 06:00,0.1817
d02,2022-02-08 11:00,0.3437
d02,2022-02-08 12:00,0.3381
d02,2022-02-08 13:00,0.4908
d02,2022-02-08 14:00,0.9494
d02,2022-02-08 15:00,0.7755
d02,2022-02-08 16:00,0.4407
d02,2022-02-08 17:00,0.4788
d02,2022-02-08 18:00,0.1063
d02,2022-02-08 19:00,0.0162
d02,2022-02-08 21:00,0.0024
d02,2022-02-09 09:00,0.0001
d02,2022-02-17 18:00,0.0027
d02,2022-02-17 23:00,0.0031
d02,2022-02-18 03:00,0.0001
d02,2022-02-18 17:00,0.0008
d02,2022-02-19 07:00,0.0001
d02,2022-02-21 15:00,0.0
d02,2022-02-25 00:00,0.0001
d03,2022-01-01 01:00,0.0391
d03,2022-01-01 02:00,0.1205
d03,2022-01-01 03:00,0.139
d03,2022-01-01 05:00,0.2339
d03,2022-01-01 06:00,0.0782
d03,2022-01-01 09:00,0.0113
d03,2022-01-01 10:00,0.0104
d03,2022-01-01 12:00,0.0015
d03,2022-01-02 10:00,0.0194
d03,2022-01-02 14:00,0.0226
d03,2022-01-02 18:00,0.0105
d03,2022-01-02 19:00,0.0161
d03,2022-01-02 20:00,0.0357
d03,2022-01-02 21:00,0.0094
d03,2022-01-03 00:00,0.0054
d03,2022-01-03 03:00,0.0134
d03,2022-01-03 06:00,0.0297
d03,2022-01-03 09:00,0.0611
d03,2022-01-03 11:00,0.0415
d03,2022-01-03 13:00,0.0258
d03,2022-01-03 19:00,0.0276
d03,2022-01-03 23:00,0.0269
d03,2022-01-04 06:00,0.0296
d03,2022-01-04 09:00,0.0251
d03,2022-01-04 11:00,0.0296
d03,2022-01-04 14:00,0.026
d03,2022-01-04 20:00,0.0169
d03,2022-01-05 01:00,0.0107
d03,2022-01-05 12:00,0.0035
d03,2022-01-05 22:00,0.0055
d03,2022-01-06 13:00,0.0025
d03,2022-01-06 16:00,0.0001
d03,2022-01-17 09:00,0.0016
d03,2022-01-18 00:00,0.0089
d03,2022-01-18 03:00,0.0002
d03,2022-01-19 10:00,0.0
d03,2022-01-20 09:00,0.0014
d03,2022-01-20 10:00,0.029
d03,2022-01-20 12:00,0.1739
d03,2022-01-20 13:00,0.1804
d03,2022-01-20 14:00,0.1547
d03,2022-01-20 15:00,0.109
d03,2022-01-20 16:00,0.0227
d03,2022-01-20 17:00,0.0054
d03,2022-01-20 19:00,0.0137
d03,2022-01-20 20:00,0.0007
d03,2022-01-21 15:00,0.0004
d03,2022-01-21 18:00,0.005
d03,2022-01-21 20:00,0.0134
d03,2022-01-22 07:00,0.0013
d03,2022-01-22 09:00,0.0147
d03,2022-01-22 11:00,0.0025
d03,2022-01-22 16:00,0.0
d03,2022-02-07 17:00,0.0013
d03,2022-02-07 18:00,0.0249
d03,2022-02-07 19:00,0.1963
d03,2022-02-07 20:00,1.4007
d03,2022-02-07 21:00,6.478
d03,2022-02-07 23:00,0.2284
d03,2022-02-08 00:00,0.1029
d03,2022-02-08 03:00,0.1403
d03,2022-02-08 08:00,0.3016
d03,2022-02-08 09:00,0.2971
d03,2022-02-08 10:00,0.3227
d03,2022-02-08 12:00,0.4176
d03,2022-02-08 13:00,0.5924
d03,2022-02-08 14:00,1.0376
d03,2022-02-08 16:00,0.2677
d03,2022-02-08 17:00,0.3072
d03,2022-02-08 18:00,0.2719
d03,2022-02-08 20:00,0.0241
d03,2022-02-08 22:00,0.0019
d03,2022-02-09 02:00,0.0002
d03,2022-02-10 18:00,0.0
d03,2022-02-25 00:00,0.0
