#sample	ASB3	matrix	byers_soil	nreads	52603646
#marker	reads
IsiB	53462
uvrA	35680
F-type_ATP_synthase_AtpA	29027
Cytochrome_aa3_oxidase_CoxA	26504
Succinate_dehydrogenase_SdhA	24681
uvrB	19968
MDH	18276
PEPC	18009
NADH-ubiquinone_oxidoreductase_NuoF	15242
dhbB	15047
CA	14466
Formate_dehydrogenase_FdhA	12614
uvrC	11995
recA	11703
Nitrate_reductase_NADH	10169
katG	9216
Carbon_monoxide_dehydrogenase_CoxL	8799
Dissimilatory_nitrate_reductase_NarG	8576
Nitric_oxide_reductase_NorB	8496
Cytochrome_bd_oxidase_CydA	7957
CobA	6989
NiFe_hydrogenase	6607
Copper_containing_nitrite_reductase_NirK	5418
dmdB	5205
katE	5098
Nitrous_oxide_reductase_NosZ	4906
Cytochrome_cbb3_oxidase_CcoN	4728
NarG	4081
MenF	3941
AcnB	3443
Sulfide_quinone_oxidoreductase_Sqr	2907
Nitrite_oxidoreductase_NxrA	2852
sodA	2508
RbcL	2266
Selenate_reductase_YgfK	2133
RHO	1717
dmoA	1669
AmoC	1611
BluB	1603
PmoA	1443
phrB	1443
otsA	1397
Fumarate_reductase_FrdA	1377
Rubisco_RbcL_95_Filtered	1311
Thiosulfohydrolase_SoxB	1302
dorA	1299
AmoB	1241
sodB	1214
mtoX	1206
dmdA	1179
CobU	1067
Iron_oxidising_cytochrome_Cyc2	1061
dmdD	1024
mddA	994
Arsenate_reductase_ArsC	909
Ammonia-forming_nitrite_reductase_NrfA	859
Flavocytochrome_c_sulfide_dehydrogenase_FCC	735
amoA	722
crtB	702
CbiG	701
Cytochrome_cd1_nitrite_reductase_NirS_sequence	685
Periplasmic_nitrate_reductase_NapA	595
crtI	589
BtuCDF	542
ATP-citrate_lyase_AclB	403
Cytochrome_bo3_oxidase_CyoA	362
Dissimilatory_sulfite_reductase_DsrA	262
CobC	258
Thaumarchaeota_4-hydroxybutyryl-CoA_synthetase_HbsT	238
Photosystem_II_reaction_centre_PsbA	192
Reductive_dehalogenase_RdhA	191
Tmmm	183
Arsenite_oxidase_ARO	175
xoxF	174
otsB	149
Malonyl-CoA_reductase_Mcr	137
DddP	126
Nitrogenase_NifH_99	116
Ammonia_monooxygenase_amoA	110
Microbial_rhodopsin_RHO	96
Decaheme_iron_reductase_MtrB	94
sodC	82
dps	78
Photosystem_I_reaction_centre_PsaA	63
Anaerobic_carbon_monoxide_dehydrogenase_CooS	35
FeFe_hydrogenase	30
NapA	28
Acetyl_CoA_synthase_AcsB_99	18
Polyheme_iron_reductase_OmcB	18
mauA	11
Isoprene_monooxygenase_subunit_A	4
Anaerobic_sulfite_reductase_AsrA	2
