#sample	002_2_PWA2_GMCF3029a	nreads	39348776
#marker	reads
Cytochrome_aa3_oxidase_CoxA	611
F-type_ATP_synthase_AtpA	583
Succinate_dehydrogenase_SdhA	578
Photosystem_I_reaction_centre_PsaA	456
dmoA	377
IsiB	346
CA	304
ATP-citrate_lyase_AclB	245
dhbB	239
NADH-ubiquinone_oxidoreductase_NuoF	186
Selenate_reductase_YgfK	138
phrB	137
sodA	122
katG	116
uvrA	116
Sulfide_quinone_oxidoreductase_Sqr	106
MDH	98
NarG	94
PEPC	87
dmdB	79
Cytochrome_bd_oxidase_CydA	75
Copper_containing_nitrite_reductase_NirK	69
Rubisco_RbcL_95_Filtered	69
Formate_dehydrogenase_FdhA	65
uvrB	62
Photosystem_II_reaction_centre_PsbA	57
RbcL	51
MenF	50
Cytochrome_cbb3_oxidase_CcoN	49
katE	48
uvrC	48
recA	39
Microbial_rhodopsin_RHO	36
Nitrate_reductase_NADH	34
Nitrogenase_NifH_99	29
Nitrous_oxide_reductase_NosZ	28
FeFe_hydrogenase	26
CobA	25
NiFe_hydrogenase	23
Dissimilatory_nitrate_reductase_NarG	17
Carbon_monoxide_dehydrogenase_CoxL	15
dorA	15
Thiosulfohydrolase_SoxB	14
mtoX	13
Fumarate_reductase_FrdA	13
otsA	13
BluB	10
crtB	9
Periplasmic_nitrate_reductase_NapA	9
dmdD	9
RHO	8
sodB	8
AcnB	7
BtuCDF	5
crtI	5
CobC	4
Cytochrome_bo3_oxidase_CyoA	4
PmoA	4
Nitric_oxide_reductase_NorB	3
CobU	3
CbiG	3
xoxF	2
otsB	2
dps	2
Iron_oxidising_cytochrome_Cyc2	1
Tmmm	1
Arsenate_reductase_ArsC	1
AmoC	1
sodC	1
