#sample	009_9_RA15_GMCF3029a	nreads	40899798
#marker	reads
IsiB	6955
uvrA	5962
Cytochrome_aa3_oxidase_CoxA	4043
uvrB	3473
uvrC	3472
Succinate_dehydrogenase_SdhA	3391
AcnB	3335
MDH	3013
F-type_ATP_synthase_AtpA	2713
CA	2433
PEPC	2216
dhbB	2002
katG	1741
recA	1721
Cytochrome_bd_oxidase_CydA	1685
NADH-ubiquinone_oxidoreductase_NuoF	1630
Formate_dehydrogenase_FdhA	1568
Cytochrome_cbb3_oxidase_CcoN	1562
phrB	1299
CobA	1276
Dissimilatory_nitrate_reductase_NarG	1136
dmdB	1095
NarG	1065
Nitrate_reductase_NADH	989
dorA	916
katE	806
Tmmm	774
Copper_containing_nitrite_reductase_NirK	743
MenF	726
Photosystem_I_reaction_centre_PsaA	653
CbiG	503
dmdA	477
Nitric_oxide_reductase_NorB	425
Sulfide_quinone_oxidoreductase_Sqr	385
BluB	343
DddP	319
sodA	295
Thiosulfohydrolase_SoxB	290
RHO	245
sodB	230
Arsenate_reductase_ArsC	227
Carbon_monoxide_dehydrogenase_CoxL	211
Reductive_dehalogenase_RdhA	208
Microbial_rhodopsin_RHO	201
Cytochrome_bo3_oxidase_CyoA	191
dmdD	171
Fumarate_reductase_FrdA	161
Dissimilatory_sulfite_reductase_DsrA	156
Selenate_reductase_YgfK	153
mtoX	152
otsA	143
CobU	138
BtuCDF	135
PmoA	127
Periplasmic_nitrate_reductase_NapA	118
NiFe_hydrogenase	113
Nitrous_oxide_reductase_NosZ	101
Ammonia-forming_nitrite_reductase_NrfA	93
CobC	87
crtI	76
ATP-citrate_lyase_AclB	68
Flavocytochrome_c_sulfide_dehydrogenase_FCC	64
RbcL	63
Photosystem_II_reaction_centre_PsbA	47
dmoA	44
xoxF	37
Rubisco_RbcL_95_Filtered	35
crtB	34
FeFe_hydrogenase	30
dps	30
Nitrogenase_NifH_99	26
sodC	16
Cytochrome_cd1_nitrite_reductase_NirS_sequence	16
Malonyl-CoA_reductase_Mcr	9
dddL	7
Anaerobic_carbon_monoxide_dehydrogenase_CooS	5
Acetyl_CoA_synthase_AcsB_99	5
Thaumarchaeota_4-hydroxybutyryl-CoA_synthetase_HbsT	5
Decaheme_iron_reductase_MtrB	3
AmoC	3
mddA	2
Anaerobic_sulfite_reductase_AsrA	2
Arsenite_oxidase_ARO	2
NapA	1
mcrA	1
pchB	1
