orf	group	pident	alnlen
005_5_RA3_GMCF3029a.meta__NODE_265_length_3574_cov_9.632566_6	[NiFe]_Group_4e	39.8	93
005_5_RA3_GMCF3029a.meta__NODE_16810_length_700_cov_3.246512_1	[NiFe]_Group_4e	40.0	155
005_5_RA3_GMCF3029a.meta__NODE_30076_length_525_cov_2.910638_1	[NiFe]_Group_3c	73.6	174
005_5_RA3_GMCF3029a.sc__NODE_43_length_11015_cov_15.026186_1	[NiFe]_Group_4e	39.8	93
005_5_RA3_GMCF3029a.sc__NODE_1468_length_2190_cov_6.472131_1	[NiFe]_Group_4g	40.3	181
005_5_RA3_GMCF3029a.sc__NODE_19158_length_700_cov_3.246512_1	[NiFe]_Group_4e	40.0	155
005_5_RA3_GMCF3029a.sc__NODE_33162_length_525_cov_2.910638_1	[NiFe]_Group_3c	73.6	174
006_6_RA8_GMCF3029a.meta__NODE_2042_length_2537_cov_6.580580_1	[NiFe]_Group_1c	97.9	280
006_6_RA8_GMCF3029a.meta__NODE_27492_length_547_cov_2.422764_1	[NiFe]_Group_4a	98.9	182
006_6_RA8_GMCF3029a.meta__NODE_30947_length_504_cov_2.296214_1	[NiFe]_Group_4c	39.4	165
006_6_RA8_GMCF3029a.sc__NODE_2797_length_2537_cov_6.578969_1	[NiFe]_Group_1c	97.9	280
006_6_RA8_GMCF3029a.sc__NODE_25471_length_547_cov_2.422764_1	[NiFe]_Group_4a	98.9	182
006_6_RA8_GMCF3029a.sc__NODE_28696_length_504_cov_2.296214_1	[NiFe]_Group_4c	39.4	165
008_8_RA14_GMCF3029a.sc__NODE_47616_length_548_cov_1.448276_2	[NiFe]_Group_4g	42.2	45
008_8_RA14_GMCF3029a.sc__NODE_48258_length_545_cov_1.285714_2	[NiFe]_Group_4e	46.0	50
009_9_RA15_GMCF3029a.meta__NODE_14128_length_881_cov_3.608959_2	[NiFe]_Group_4e	38.9	157
009_9_RA15_GMCF3029a.sc__NODE_17402_length_881_cov_3.629540_2	[NiFe]_Group_4e	38.9	157
009_9_RA15_GMCF3029a.sc__NODE_56925_length_503_cov_1.649554_1	[NiFe]_Group_4g	43.6	110
009_9_RA15_GMCF3029a.sc__NODE_56925_length_503_cov_1.649554_2	[NiFe]_Group_4g	50.9	55
010_10_RA16_GMCF3029a.meta__NODE_39732_length_574_cov_3.050096_1	[NiFe]_Group_4e	41.4	157
010_10_RA16_GMCF3029a.meta__NODE_52069_length_508_cov_2.790287_1	[NiFe]_Group_4g	50.6	77
010_10_RA16_GMCF3029a.sc__NODE_22724_length_821_cov_2.792428_1	[NiFe]_Group_4e	41.4	157
010_10_RA16_GMCF3029a.sc__NODE_61724_length_508_cov_2.790287_1	[NiFe]_Group_4g	50.6	77
011_11_RA17_GMCF3029a.meta__NODE_13550_length_1091_cov_3.083012_2	[NiFe]_Group_4e	44.4	81
011_11_RA17_GMCF3029a.meta__NODE_49714_length_639_cov_2.428082_2	[NiFe]_Group_4e	48.4	64
011_11_RA17_GMCF3029a.meta__NODE_63035_length_580_cov_1.643810_2	[NiFe]_Group_4g	42.2	64
011_11_RA17_GMCF3029a.meta__NODE_68824_length_559_cov_3.410714_2	[NiFe]_Group_4e	51.9	54
011_11_RA17_GMCF3029a.meta__NODE_86679_length_510_cov_2.465934_2	[NiFe]_Group_4e	39.2	120
011_11_RA17_GMCF3029a.sc__NODE_31550_length_884_cov_2.273824_1	[NiFe]_Group_4e	40.1	137
011_11_RA17_GMCF3029a.sc__NODE_31737_length_882_cov_3.262394_1	[NiFe]_Group_4e	42.9	77
011_11_RA17_GMCF3029a.sc__NODE_38220_length_825_cov_2.594805_1	[NiFe]_Group_4e	43.0	107
011_11_RA17_GMCF3029a.sc__NODE_100306_length_580_cov_1.636190_2	[NiFe]_Group_4g	42.2	64
011_11_RA17_GMCF3029a.sc__NODE_105325_length_570_cov_1.285437_1	[NiFe]_Group_3d	90.7	43
011_11_RA17_GMCF3029a.sc__NODE_124135_length_536_cov_2.692308_1	[NiFe]_Group_4e	35.0	160
012_12_RA18_GMCF3029a.meta__NODE_8669_length_1666_cov_7.377405_1	[NiFe]_Group_4e	38.5	148
012_12_RA18_GMCF3029a.meta__NODE_46741_length_818_cov_3.693316_2	[NiFe]_Group_4e	43.8	105
012_12_RA18_GMCF3029a.meta__NODE_62462_length_727_cov_2.232143_1	[NiFe]_Group_4e	39.4	127
012_12_RA18_GMCF3029a.meta__NODE_101540_length_597_cov_2.536900_1	[NiFe]_Group_4g	40.3	196
012_12_RA18_GMCF3029a.meta__NODE_117347_length_564_cov_8.884086_2	[NiFe]_Group_4e	42.3	104
012_12_RA18_GMCF3029a.meta__NODE_124821_length_551_cov_2.368952_1	[NiFe]_Group_4g	37.6	170
012_12_RA18_GMCF3029a.meta__NODE_127378_length_547_cov_1.752033_1	[NiFe]_Group_1l	90.1	171
012_12_RA18_GMCF3029a.sc__NODE_16020_length_1474_cov_1.763918_1	[NiFe]_Group_4e	42.2	64
012_12_RA18_GMCF3029a.sc__NODE_39965_length_1009_cov_2.435010_3	[NiFe]_Group_4g	37.9	95
012_12_RA18_GMCF3029a.sc__NODE_54928_length_887_cov_1.628606_1	[NiFe]_Group_1l	76.5	85
012_12_RA18_GMCF3029a.sc__NODE_54928_length_887_cov_1.628606_2	[NiFe]_Group_1l	69.5	82
012_12_RA18_GMCF3029a.sc__NODE_54928_length_887_cov_1.628606_3	[NiFe]_Group_1l	91.0	111
012_12_RA18_GMCF3029a.sc__NODE_65748_length_825_cov_3.671429_2	[NiFe]_Group_4e	43.8	105
012_12_RA18_GMCF3029a.sc__NODE_113262_length_665_cov_1.916393_1	[NiFe]_Group_4g	44.1	59
012_12_RA18_GMCF3029a.sc__NODE_114833_length_661_cov_3.234323_1	[NiFe]_Group_4e	41.4	111
012_12_RA18_GMCF3029a.sc__NODE_114833_length_661_cov_3.234323_2	[NiFe]_Group_4c	47.4	57
012_12_RA18_GMCF3029a.sc__NODE_121568_length_647_cov_1.619932_1	[NiFe]_Group_1l	85.6	194
012_12_RA18_GMCF3029a.sc__NODE_144391_length_604_cov_1.861566_2	[NiFe]_Group_4g	40.7	54
012_12_RA18_GMCF3029a.sc__NODE_145263_length_602_cov_8.272395_1	[NiFe]_Group_4e	38.6	153
012_12_RA18_GMCF3029a.sc__NODE_163802_length_575_cov_1.384615_2	[NiFe]_Group_4e	50.0	46
012_12_RA18_GMCF3029a.sc__NODE_198784_length_532_cov_2.473795_2	[NiFe]_Group_4e	45.5	55
012_12_RA18_GMCF3029a.sc__NODE_206731_length_524_cov_1.771855_2	[NiFe]_Group_4e	51.1	47
013_13_RA22_GMCF3029a.meta__NODE_1178_length_2486_cov_26.241464_4	[NiFe]_Group_1l	83.7	521
013_13_RA22_GMCF3029a.meta__NODE_23195_length_842_cov_2.278272_1	[NiFe]_Group_4g	46.4	69
013_13_RA22_GMCF3029a.meta__NODE_69070_length_544_cov_4.051125_1	[NiFe]_Group_1l	89.7	29
013_13_RA22_GMCF3029a.meta__NODE_81107_length_510_cov_5.835165_1	[NiFe]_Group_1l	90.9	121
013_13_RA22_GMCF3029a.sc__NODE_4549_length_1824_cov_29.695308_1	[NiFe]_Group_1l	86.0	301
013_13_RA22_GMCF3029a.sc__NODE_11711_length_1256_cov_4.125729_2	[NiFe]_Group_1l	84.0	206
013_13_RA22_GMCF3029a.sc__NODE_56701_length_663_cov_3.414474_1	[NiFe]_Group_4b	41.4	99
013_13_RA22_GMCF3029a.sc__NODE_56701_length_663_cov_3.414474_2	[NiFe]_Group_4b	40.0	105
013_13_RA22_GMCF3029a.sc__NODE_75091_length_591_cov_1.781716_2	[NiFe]_Group_4e	42.3	111
013_13_RA22_GMCF3029a.sc__NODE_89932_length_548_cov_1.649087_1	[NiFe]_Group_3c	84.5	97
013_13_RA22_GMCF3029a.sc__NODE_95697_length_534_cov_1.167015_1	[NiFe]_Group_4e	39.5	157
014_14_RA23_GMCF3029a.meta__NODE_3558_length_2188_cov_4.519456_1	[NiFe]_Group_4e	52.0	50
014_14_RA23_GMCF3029a.meta__NODE_14719_length_1320_cov_4.569170_1	[NiFe]_Group_4b	45.3	53
014_14_RA23_GMCF3029a.meta__NODE_21548_length_1141_cov_2.571823_1	[NiFe]_Group_4e	39.9	276
014_14_RA23_GMCF3029a.meta__NODE_63087_length_722_cov_3.347826_2	[NiFe]_Group_4g	39.0	154
014_14_RA23_GMCF3029a.meta__NODE_68683_length_695_cov_2.542187_3	[NiFe]_Group_4g	67.6	34
014_14_RA23_GMCF3029a.meta__NODE_74099_length_672_cov_1.588331_2	[NiFe]_Group_4g	35.6	73
014_14_RA23_GMCF3029a.meta__NODE_96532_length_595_cov_3.827778_1	[NiFe]_Group_4e	42.6	190
014_14_RA23_GMCF3029a.sc__NODE_29470_length_1146_cov_2.527039_1	[NiFe]_Group_4e	39.9	276
014_14_RA23_GMCF3029a.sc__NODE_79162_length_722_cov_3.343328_2	[NiFe]_Group_4g	39.0	154
014_14_RA23_GMCF3029a.sc__NODE_96907_length_655_cov_3.293333_1	[NiFe]_Group_4e	42.0	69
014_14_RA23_GMCF3029a.sc__NODE_118144_length_595_cov_3.879630_1	[NiFe]_Group_4e	42.1	190
014_14_RA23_GMCF3029a.sc__NODE_134007_length_560_cov_1.655446_2	[NiFe]_Group_1b	67.9	84
