run	biosample	sample_name	marker	library_name	destination	fastq_R1	fastq_R2
SRR41041590	SAMN64010911	GUS1	16S	GUS1_16S	raw_data/16S	GUS1_S145_L001_R1_001.fastq.gz	GUS1_S145_L001_R2_001.fastq.gz
SRR41041589	SAMN64010912	GUS2	16S	GUS2_16S	raw_data/16S	GUS2_S146_L001_R1_001.fastq.gz	GUS2_S146_L001_R2_001.fastq.gz
SRR41041526	SAMN64010913	GUS3	16S	GUS3_16S	raw_data/16S	GUS3_S147_L001_R1_001.fastq.gz	GUS3_S147_L001_R2_001.fastq.gz
SRR41041467	SAMN64010914	GUS4	16S	GUS4_16S	raw_data/16S	GUS4_S148_L001_R1_001.fastq.gz	GUS4_S148_L001_R2_001.fastq.gz
SRR41041644	SAMN64010915	GUS5	16S	GUS5_16S	raw_data/16S	GUS5_S149_L001_R1_001.fastq.gz	GUS5_S149_L001_R2_001.fastq.gz
SRR41041274	SAMN64010916	GUS6	16S	GUS6_16S	raw_data/16S	GUS6_S150_L001_R1_001.fastq.gz	GUS6_S150_L001_R2_001.fastq.gz
SRR41041237	SAMN64010917	PAA1	16S	PAA1_16S	raw_data/16S	PAA1_S193_L001_R1_001.fastq.gz	PAA1_S193_L001_R2_001.fastq.gz
SRR41041091	SAMN64010918	PAA2	16S	PAA2_16S	raw_data/16S	PAA2_S194_L001_R1_001.fastq.gz	PAA2_S194_L001_R2_001.fastq.gz
SRR41041380	SAMN64010919	PAA3	16S	PAA3_16S	raw_data/16S	PAA3_S195_L001_R1_001.fastq.gz	PAA3_S195_L001_R2_001.fastq.gz
SRR41041369	SAMN64010920	PAA4	16S	PAA4_16S	raw_data/16S	PAA4_S196_L001_R1_001.fastq.gz	PAA4_S196_L001_R2_001.fastq.gz
SRR41041588	SAMN64010921	PAA5	16S	PAA5_16S	raw_data/16S	PAA5_S284_L001_R1_001.fastq.gz	PAA5_S284_L001_R2_001.fastq.gz
SRR41041577	SAMN64010922	PAA6	16S	PAA6_16S	raw_data/16S	PAA6_S285_L001_R1_001.fastq.gz	PAA6_S285_L001_R2_001.fastq.gz
SRR41041566	SAMN64010923	PAS1	16S	PAS1_16S	raw_data/16S	PAS1_S125_L001_R1_001.fastq.gz	PAS1_S125_L001_R2_001.fastq.gz
SRR41041555	SAMN64010924	PAS3	16S	PAS3_16S	raw_data/16S	PAS3_S127_L001_R1_001.fastq.gz	PAS3_S127_L001_R2_001.fastq.gz
SRR41041544	SAMN64010925	PAS4	16S	PAS4_16S	raw_data/16S	PAS4_S128_L001_R1_001.fastq.gz	PAS4_S128_L001_R2_001.fastq.gz
SRR41041342	SAMN64010927	PNA1	16S	PNA1_16S	raw_data/16S	PNA1_S274_L001_R1_001.fastq.gz	PNA1_S274_L001_R2_001.fastq.gz
SRR41041229	SAMN64010928	PNA2	16S	PNA2_16S	raw_data/16S	PNA2_S275_L001_R1_001.fastq.gz	PNA2_S275_L001_R2_001.fastq.gz
SRR41041218	SAMN64010929	PNA3	16S	PNA3_16S	raw_data/16S	PNA3_S276_L001_R1_001.fastq.gz	PNA3_S276_L001_R2_001.fastq.gz
SRR41041537	SAMN64010930	PNA4	16S	PNA4_16S	raw_data/16S	PNA4_S277_L001_R1_001.fastq.gz	PNA4_S277_L001_R2_001.fastq.gz
SRR41041525	SAMN64010931	PNA5	16S	PNA5_16S	raw_data/16S	PNA5_S286_L001_R1_001.fastq.gz	PNA5_S286_L001_R2_001.fastq.gz
SRR41041084	SAMN64010932	PNA6	16S	PNA6_16S	raw_data/16S	PNA6_S287_L001_R1_001.fastq.gz	PNA6_S287_L001_R2_001.fastq.gz
SRR41041682	SAMN64010933	PNS1	16S	PNS1_16S	raw_data/16S	PNS1_S141_L001_R1_001.fastq.gz	PNS1_S141_L001_R2_001.fastq.gz
SRR41041671	SAMN64010934	PNS2	16S	PNS2_16S	raw_data/16S	PNS2_S142_L001_R1_001.fastq.gz	PNS2_S142_L001_R2_001.fastq.gz
SRR41041507	SAMN64010935	PNS3	16S	PNS3_16S	raw_data/16S	PNS3_S143_L001_R1_001.fastq.gz	PNS3_S143_L001_R2_001.fastq.gz
SRR41041496	SAMN64010936	PNS4	16S	PNS4_16S	raw_data/16S	PNS4_S144_L001_R1_001.fastq.gz	PNS4_S144_L001_R2_001.fastq.gz
SRR41041208	SAMN64010937	PVA1	16S	PVA1_16S	raw_data/16S	PVA1_S197_L001_R1_001.fastq.gz	PVA1_S197_L001_R2_001.fastq.gz
SRR41041197	SAMN64010938	PVA2	16S	PVA2_16S	raw_data/16S	PVA2_S267_L001_R1_001.fastq.gz	PVA2_S267_L001_R2_001.fastq.gz
SRR41041489	SAMN64010939	PVA3	16S	PVA3_16S	raw_data/16S	PVA3_S268_L001_R1_001.fastq.gz	PVA3_S268_L001_R2_001.fastq.gz
SRR41041478	SAMN64010940	PVA4	16S	PVA4_16S	raw_data/16S	PVA4_S269_L001_R1_001.fastq.gz	PVA4_S269_L001_R2_001.fastq.gz
SRR41041466	SAMN64010941	PVA5	16S	PVA5_16S	raw_data/16S	PVA5_S290_L001_R1_001.fastq.gz	PVA5_S290_L001_R2_001.fastq.gz
SRR41041330	SAMN64010942	PVA6	16S	PVA6_16S	raw_data/16S	PVA6_S291_L001_R1_001.fastq.gz	PVA6_S291_L001_R2_001.fastq.gz
SRR41041319	SAMN64010943	PVS1	16S	PVS1_16S	raw_data/16S	PVS1_S129_L001_R1_001.fastq.gz	PVS1_S129_L001_R2_001.fastq.gz
SRR41041183	SAMN64010944	PVS2	16S	PVS2_16S	raw_data/16S	PVS2_S130_L001_R1_001.fastq.gz	PVS2_S130_L001_R2_001.fastq.gz
SRR41041172	SAMN64010945	PVS3	16S	PVS3_16S	raw_data/16S	PVS3_S131_L001_R1_001.fastq.gz	PVS3_S131_L001_R2_001.fastq.gz
SRR41041161	SAMN64010946	PVS4	16S	PVS4_16S	raw_data/16S	PVS4_S132_L001_R1_001.fastq.gz	PVS4_S132_L001_R2_001.fastq.gz
SRR41041454	SAMN64010947	PWA1	16S	PWA1_16S	raw_data/16S	PWA1_S270_L001_R1_001.fastq.gz	PWA1_S270_L001_R2_001.fastq.gz
SRR41041443	SAMN64010948	PWA2	16S	PWA2_16S	raw_data/16S	PWA2_S271_L001_R1_001.fastq.gz	PWA2_S271_L001_R2_001.fastq.gz
SRR41041666	SAMN64010949	PWA3	16S	PWA3_16S	raw_data/16S	PWA3_S272_L001_R1_001.fastq.gz	PWA3_S272_L001_R2_001.fastq.gz
SRR41041655	SAMN64010950	PWA4	16S	PWA4_16S	raw_data/16S	PWA4_S273_L001_R1_001.fastq.gz	PWA4_S273_L001_R2_001.fastq.gz
SRR41041643	SAMN64010951	PWA5	16S	PWA5_16S	raw_data/16S	PWA5_S282_L001_R1_001.fastq.gz	PWA5_S282_L001_R2_001.fastq.gz
SRR41041301	SAMN64010952	PWA6	16S	PWA6_16S	raw_data/16S	PWA6_S283_L001_R1_001.fastq.gz	PWA6_S283_L001_R2_001.fastq.gz
SRR41041290	SAMN64010953	PWS1	16S	PWS1_16S	raw_data/16S	PWS1_S133_L001_R1_001.fastq.gz	PWS1_S133_L001_R2_001.fastq.gz
SRR41041151	SAMN64010954	PWS2	16S	PWS2_16S	raw_data/16S	PWS2_S134_L001_R1_001.fastq.gz	PWS2_S134_L001_R2_001.fastq.gz
SRR41041140	SAMN64010955	PWS3	16S	PWS3_16S	raw_data/16S	PWS3_S135_L001_R1_001.fastq.gz	PWS3_S135_L001_R2_001.fastq.gz
SRR41041429	SAMN64010956	PWS4	16S	PWS4_16S	raw_data/16S	PWS4_S136_L001_R1_001.fastq.gz	PWS4_S136_L001_R2_001.fastq.gz
SRR41041353	SAMN64010926	PatCB1	16S	PatCB1_16S	raw_data/16S	PatCB1_S292_L001_R1_001.fastq.gz	PatCB1_S292_L001_R2_001.fastq.gz
SRR41041418	SAMN64010957	RA1	16S	RA1_16S	raw_data/16S	RA1_S198_L001_R1_001.fastq.gz	RA1_S198_L001_R2_001.fastq.gz
SRR41041638	SAMN64010958	RA10	16S	RA10_16S	raw_data/16S	RA10_S207_L001_R1_001.fastq.gz	RA10_S207_L001_R2_001.fastq.gz
SRR41041627	SAMN64010959	RA11	16S	RA11_16S	raw_data/16S	RA11_S208_L001_R1_001.fastq.gz	RA11_S208_L001_R2_001.fastq.gz
SRR41041285	SAMN64010960	RA12	16S	RA12_16S	raw_data/16S	RA12_S209_L001_R1_001.fastq.gz	RA12_S209_L001_R2_001.fastq.gz
SRR41041273	SAMN64010961	RA13	16S	RA13_16S	raw_data/16S	RA13_S210_L001_R1_001.fastq.gz	RA13_S210_L001_R2_001.fastq.gz
SRR41041135	SAMN64010962	RA14	16S	RA14_16S	raw_data/16S	RA14_S211_L001_R1_001.fastq.gz	RA14_S211_L001_R2_001.fastq.gz
SRR41041124	SAMN64010963	RA15	16S	RA15_16S	raw_data/16S	RA15_S212_L001_R1_001.fastq.gz	RA15_S212_L001_R2_001.fastq.gz
SRR41041113	SAMN64010964	RA16	16S	RA16_16S	raw_data/16S	RA16_S213_L001_R1_001.fastq.gz	RA16_S213_L001_R2_001.fastq.gz
SRR41041403	SAMN64010965	RA17	16S	RA17_16S	raw_data/16S	RA17_S214_L001_R1_001.fastq.gz	RA17_S214_L001_R2_001.fastq.gz
SRR41041392	SAMN64010966	RA18	16S	RA18_16S	raw_data/16S	RA18_S215_L001_R1_001.fastq.gz	RA18_S215_L001_R2_001.fastq.gz
SRR41041613	SAMN64010967	RA19	16S	RA19_16S	raw_data/16S	RA19_S216_L001_R1_001.fastq.gz	RA19_S216_L001_R2_001.fastq.gz
SRR41041602	SAMN64010968	RA2	16S	RA2_16S	raw_data/16S	RA2_S199_L001_R1_001.fastq.gz	RA2_S199_L001_R2_001.fastq.gz
SRR41041259	SAMN64010969	RA20	16S	RA20_16S	raw_data/16S	RA20_S217_L001_R1_001.fastq.gz	RA20_S217_L001_R2_001.fastq.gz
SRR41041248	SAMN64010970	RA21	16S	RA21_16S	raw_data/16S	RA21_S218_L001_R1_001.fastq.gz	RA21_S218_L001_R2_001.fastq.gz
SRR41041110	SAMN64010971	RA22	16S	RA22_16S	raw_data/16S	RA22_S219_L001_R1_001.fastq.gz	RA22_S219_L001_R2_001.fastq.gz
SRR41041100	SAMN64010972	RA23	16S	RA23_16S	raw_data/16S	RA23_S220_L001_R1_001.fastq.gz	RA23_S220_L001_R2_001.fastq.gz
SRR41041099	SAMN64010973	RA24	16S	RA24_16S	raw_data/16S	RA24_S221_L001_R1_001.fastq.gz	RA24_S221_L001_R2_001.fastq.gz
SRR41041098	SAMN64010974	RA25	16S	RA25_16S	raw_data/16S	RA25_S222_L001_R1_001.fastq.gz	RA25_S222_L001_R2_001.fastq.gz
SRR41041097	SAMN64010975	RA26	16S	RA26_16S	raw_data/16S	RA26_S223_L001_R1_001.fastq.gz	RA26_S223_L001_R2_001.fastq.gz
SRR41041096	SAMN64010976	RA27	16S	RA27_16S	raw_data/16S	RA27_S224_L001_R1_001.fastq.gz	RA27_S224_L001_R2_001.fastq.gz
SRR41041095	SAMN64010977	RA28	16S	RA28_16S	raw_data/16S	RA28_S225_L001_R1_001.fastq.gz	RA28_S225_L001_R2_001.fastq.gz
SRR41041094	SAMN64010978	RA29	16S	RA29_16S	raw_data/16S	RA29_S226_L001_R1_001.fastq.gz	RA29_S226_L001_R2_001.fastq.gz
SRR41041093	SAMN64010979	RA3	16S	RA3_16S	raw_data/16S	RA3_S200_L001_R1_001.fastq.gz	RA3_S200_L001_R2_001.fastq.gz
SRR41041092	SAMN64010980	RA30	16S	RA30_16S	raw_data/16S	RA30_S227_L001_R1_001.fastq.gz	RA30_S227_L001_R2_001.fastq.gz
SRR41041090	SAMN64010981	RA31	16S	RA31_16S	raw_data/16S	RA31_S228_L001_R1_001.fastq.gz	RA31_S228_L001_R2_001.fastq.gz
SRR41041089	SAMN64010982	RA32	16S	RA32_16S	raw_data/16S	RA32_S229_L001_R1_001.fastq.gz	RA32_S229_L001_R2_001.fastq.gz
SRR41041088	SAMN64010983	RA4	16S	RA4_16S	raw_data/16S	RA4_S201_L001_R1_001.fastq.gz	RA4_S201_L001_R2_001.fastq.gz
SRR41041087	SAMN64010984	RA5	16S	RA5_16S	raw_data/16S	RA5_S202_L001_R1_001.fastq.gz	RA5_S202_L001_R2_001.fastq.gz
SRR41041386	SAMN64010985	RA6	16S	RA6_16S	raw_data/16S	RA6_S203_L001_R1_001.fastq.gz	RA6_S203_L001_R2_001.fastq.gz
SRR41041385	SAMN64010986	RA7	16S	RA7_16S	raw_data/16S	RA7_S204_L001_R1_001.fastq.gz	RA7_S204_L001_R2_001.fastq.gz
SRR41041384	SAMN64010987	RA8	16S	RA8_16S	raw_data/16S	RA8_S205_L001_R1_001.fastq.gz	RA8_S205_L001_R2_001.fastq.gz
SRR41041383	SAMN64010988	RA9	16S	RA9_16S	raw_data/16S	RA9_S206_L001_R1_001.fastq.gz	RA9_S206_L001_R2_001.fastq.gz
SRR41041382	SAMN64010989	RS1	16S	RS1_16S	raw_data/16S	RS1_S56_L001_R1_001.fastq.gz	RS1_S56_L001_R2_001.fastq.gz
SRR41041381	SAMN64010990	RS10	16S	RS10_16S	raw_data/16S	RS10_S65_L001_R1_001.fastq.gz	RS10_S65_L001_R2_001.fastq.gz
SRR41041379	SAMN64010991	RS11	16S	RS11_16S	raw_data/16S	RS11_S66_L001_R1_001.fastq.gz	RS11_S66_L001_R2_001.fastq.gz
SRR41041378	SAMN64010992	RS12	16S	RS12_16S	raw_data/16S	RS12_S67_L001_R1_001.fastq.gz	RS12_S67_L001_R2_001.fastq.gz
SRR41041377	SAMN64010993	RS13	16S	RS13_16S	raw_data/16S	RS13_S68_L001_R1_001.fastq.gz	RS13_S68_L001_R2_001.fastq.gz
SRR41041376	SAMN64010994	RS14	16S	RS14_16S	raw_data/16S	RS14_S69_L001_R1_001.fastq.gz	RS14_S69_L001_R2_001.fastq.gz
SRR41041375	SAMN64010995	RS15	16S	RS15_16S	raw_data/16S	RS15_S70_L001_R1_001.fastq.gz	RS15_S70_L001_R2_001.fastq.gz
SRR41041374	SAMN64010996	RS16	16S	RS16_16S	raw_data/16S	RS16_S71_L001_R1_001.fastq.gz	RS16_S71_L001_R2_001.fastq.gz
SRR41041373	SAMN64010997	RS17	16S	RS17_16S	raw_data/16S	RS17_S72_L001_R1_001.fastq.gz	RS17_S72_L001_R2_001.fastq.gz
SRR41041372	SAMN64010998	RS18	16S	RS18_16S	raw_data/16S	RS18_S73_L001_R1_001.fastq.gz	RS18_S73_L001_R2_001.fastq.gz
SRR41041371	SAMN64010999	RS19	16S	RS19_16S	raw_data/16S	RS19_S74_L001_R1_001.fastq.gz	RS19_S74_L001_R2_001.fastq.gz
SRR41041370	SAMN64011000	RS2	16S	RS2_16S	raw_data/16S	RS2_S57_L001_R1_001.fastq.gz	RS2_S57_L001_R2_001.fastq.gz
SRR41041368	SAMN64011001	RS20	16S	RS20_16S	raw_data/16S	RS20_S75_L001_R1_001.fastq.gz	RS20_S75_L001_R2_001.fastq.gz
SRR41041367	SAMN64011002	RS21	16S	RS21_16S	raw_data/16S	RS21_S76_L001_R1_001.fastq.gz	RS21_S76_L001_R2_001.fastq.gz
SRR41041366	SAMN64011003	RS22	16S	RS22_16S	raw_data/16S	RS22_S77_L001_R1_001.fastq.gz	RS22_S77_L001_R2_001.fastq.gz
SRR41041365	SAMN64011004	RS23	16S	RS23_16S	raw_data/16S	RS23_S78_L001_R1_001.fastq.gz	RS23_S78_L001_R2_001.fastq.gz
SRR41041364	SAMN64011005	RS24	16S	RS24_16S	raw_data/16S	RS24_S79_L001_R1_001.fastq.gz	RS24_S79_L001_R2_001.fastq.gz
SRR41041363	SAMN64011006	RS25	16S	RS25_16S	raw_data/16S	RS25_S80_L001_R1_001.fastq.gz	RS25_S80_L001_R2_001.fastq.gz
SRR41041594	SAMN64011007	RS26	16S	RS26_16S	raw_data/16S	RS26_S81_L001_R1_001.fastq.gz	RS26_S81_L001_R2_001.fastq.gz
SRR41041593	SAMN64011008	RS27	16S	RS27_16S	raw_data/16S	RS27_S82_L001_R1_001.fastq.gz	RS27_S82_L001_R2_001.fastq.gz
SRR41041592	SAMN64011009	RS28	16S	RS28_16S	raw_data/16S	RS28_S83_L001_R1_001.fastq.gz	RS28_S83_L001_R2_001.fastq.gz
SRR41041591	SAMN64011010	RS29	16S	RS29_16S	raw_data/16S	RS29_S84_L001_R1_001.fastq.gz	RS29_S84_L001_R2_001.fastq.gz
SRR41041587	SAMN64011011	RS3	16S	RS3_16S	raw_data/16S	RS3_S58_L001_R1_001.fastq.gz	RS3_S58_L001_R2_001.fastq.gz
SRR41041586	SAMN64011012	RS30	16S	RS30_16S	raw_data/16S	RS30_S85_L001_R1_001.fastq.gz	RS30_S85_L001_R2_001.fastq.gz
SRR41041585	SAMN64011013	RS31	16S	RS31_16S	raw_data/16S	RS31_S86_L001_R1_001.fastq.gz	RS31_S86_L001_R2_001.fastq.gz
SRR41041584	SAMN64011014	RS32	16S	RS32_16S	raw_data/16S	RS32_S87_L001_R1_001.fastq.gz	RS32_S87_L001_R2_001.fastq.gz
SRR41041583	SAMN64011015	RS33	16S	RS33_16S	raw_data/16S	RS33_S88_L001_R1_001.fastq.gz	RS33_S88_L001_R2_001.fastq.gz
SRR41041582	SAMN64011016	RS34	16S	RS34_16S	raw_data/16S	RS34_S89_L001_R1_001.fastq.gz	RS34_S89_L001_R2_001.fastq.gz
SRR41041581	SAMN64011017	RS35	16S	RS35_16S	raw_data/16S	RS35_S90_L001_R1_001.fastq.gz	RS35_S90_L001_R2_001.fastq.gz
SRR41041580	SAMN64011018	RS36	16S	RS36_16S	raw_data/16S	RS36_S91_L001_R1_001.fastq.gz	RS36_S91_L001_R2_001.fastq.gz
SRR41041579	SAMN64011019	RS37	16S	RS37_16S	raw_data/16S	RS37_S92_L001_R1_001.fastq.gz	RS37_S92_L001_R2_001.fastq.gz
SRR41041578	SAMN64011020	RS38	16S	RS38_16S	raw_data/16S	RS38_S93_L001_R1_001.fastq.gz	RS38_S93_L001_R2_001.fastq.gz
SRR41041576	SAMN64011021	RS39	16S	RS39_16S	raw_data/16S	RS39_S94_L001_R1_001.fastq.gz	RS39_S94_L001_R2_001.fastq.gz
SRR41041575	SAMN64011022	RS4	16S	RS4_16S	raw_data/16S	RS4_S59_L001_R1_001.fastq.gz	RS4_S59_L001_R2_001.fastq.gz
SRR41041574	SAMN64011023	RS40	16S	RS40_16S	raw_data/16S	RS40_S95_L001_R1_001.fastq.gz	RS40_S95_L001_R2_001.fastq.gz
SRR41041573	SAMN64011024	RS41	16S	RS41_16S	raw_data/16S	RS41_S96_L001_R1_001.fastq.gz	RS41_S96_L001_R2_001.fastq.gz
SRR41041572	SAMN64011025	RS42	16S	RS42_16S	raw_data/16S	RS42_S97_L001_R1_001.fastq.gz	RS42_S97_L001_R2_001.fastq.gz
SRR41041571	SAMN64011026	RS43	16S	RS43_16S	raw_data/16S	RS43_S98_L001_R1_001.fastq.gz	RS43_S98_L001_R2_001.fastq.gz
SRR41041570	SAMN64011027	RS44	16S	RS44_16S	raw_data/16S	RS44_S99_L001_R1_001.fastq.gz	RS44_S99_L001_R2_001.fastq.gz
SRR41041569	SAMN64011028	RS45	16S	RS45_16S	raw_data/16S	RS45_S100_L001_R1_001.fastq.gz	RS45_S100_L001_R2_001.fastq.gz
SRR41041568	SAMN64011029	RS46	16S	RS46_16S	raw_data/16S	RS46_S101_L001_R1_001.fastq.gz	RS46_S101_L001_R2_001.fastq.gz
SRR41041567	SAMN64011030	RS47	16S	RS47_16S	raw_data/16S	RS47_S102_L001_R1_001.fastq.gz	RS47_S102_L001_R2_001.fastq.gz
SRR41041565	SAMN64011031	RS48	16S	RS48_16S	raw_data/16S	RS48_S103_L001_R1_001.fastq.gz	RS48_S103_L001_R2_001.fastq.gz
SRR41041564	SAMN64011032	RS49	16S	RS49_16S	raw_data/16S	RS49_S104_L001_R1_001.fastq.gz	RS49_S104_L001_R2_001.fastq.gz
SRR41041563	SAMN64011033	RS5	16S	RS5_16S	raw_data/16S	RS5_S60_L001_R1_001.fastq.gz	RS5_S60_L001_R2_001.fastq.gz
SRR41041562	SAMN64011034	RS50	16S	RS50_16S	raw_data/16S	RS50_S105_L001_R1_001.fastq.gz	RS50_S105_L001_R2_001.fastq.gz
SRR41041561	SAMN64011035	RS51	16S	RS51_16S	raw_data/16S	RS51_S106_L001_R1_001.fastq.gz	RS51_S106_L001_R2_001.fastq.gz
SRR41041560	SAMN64011036	RS52	16S	RS52_16S	raw_data/16S	RS52_S107_L001_R1_001.fastq.gz	RS52_S107_L001_R2_001.fastq.gz
SRR41041559	SAMN64011037	RS53	16S	RS53_16S	raw_data/16S	RS53_S108_L001_R1_001.fastq.gz	RS53_S108_L001_R2_001.fastq.gz
SRR41041558	SAMN64011038	RS54	16S	RS54_16S	raw_data/16S	RS54_S109_L001_R1_001.fastq.gz	RS54_S109_L001_R2_001.fastq.gz
SRR41041557	SAMN64011039	RS55	16S	RS55_16S	raw_data/16S	RS55_S110_L001_R1_001.fastq.gz	RS55_S110_L001_R2_001.fastq.gz
SRR41041556	SAMN64011040	RS56	16S	RS56_16S	raw_data/16S	RS56_S111_L001_R1_001.fastq.gz	RS56_S111_L001_R2_001.fastq.gz
SRR41041554	SAMN64011041	RS57	16S	RS57_16S	raw_data/16S	RS57_S112_L001_R1_001.fastq.gz	RS57_S112_L001_R2_001.fastq.gz
SRR41041553	SAMN64011042	RS58	16S	RS58_16S	raw_data/16S	RS58_S113_L001_R1_001.fastq.gz	RS58_S113_L001_R2_001.fastq.gz
SRR41041552	SAMN64011043	RS59	16S	RS59_16S	raw_data/16S	RS59_S114_L001_R1_001.fastq.gz	RS59_S114_L001_R2_001.fastq.gz
SRR41041551	SAMN64011044	RS6	16S	RS6_16S	raw_data/16S	RS6_S61_L001_R1_001.fastq.gz	RS6_S61_L001_R2_001.fastq.gz
SRR41041550	SAMN64011045	RS60	16S	RS60_16S	raw_data/16S	RS60_S115_L001_R1_001.fastq.gz	RS60_S115_L001_R2_001.fastq.gz
SRR41041549	SAMN64011046	RS61	16S	RS61_16S	raw_data/16S	RS61_S116_L001_R1_001.fastq.gz	RS61_S116_L001_R2_001.fastq.gz
SRR41041548	SAMN64011047	RS62	16S	RS62_16S	raw_data/16S	RS62_S117_L001_R1_001.fastq.gz	RS62_S117_L001_R2_001.fastq.gz
SRR41041547	SAMN64011048	RS63	16S	RS63_16S	raw_data/16S	RS63_S118_L001_R1_001.fastq.gz	RS63_S118_L001_R2_001.fastq.gz
SRR41041546	SAMN64011049	RS7	16S	RS7_16S	raw_data/16S	RS7_S62_L001_R1_001.fastq.gz	RS7_S62_L001_R2_001.fastq.gz
SRR41041545	SAMN64011050	RS8	16S	RS8_16S	raw_data/16S	RS8_S63_L001_R1_001.fastq.gz	RS8_S63_L001_R2_001.fastq.gz
SRR41041543	SAMN64011051	RS9	16S	RS9_16S	raw_data/16S	RS9_S64_L001_R1_001.fastq.gz	RS9_S64_L001_R2_001.fastq.gz
SRR41041362	SAMN64011052	RSW1	16S	RSW1_16S	raw_data/16S	RSW1_S294_L001_R1_001.fastq.gz	RSW1_S294_L001_R2_001.fastq.gz
SRR41041361	SAMN64011053	RSW2	16S	RSW2_16S	raw_data/16S	RSW2_S295_L001_R1_001.fastq.gz	RSW2_S295_L001_R2_001.fastq.gz
SRR41041360	SAMN64011054	RSW3	16S	RSW3_16S	raw_data/16S	RSW3_S296_L001_R1_001.fastq.gz	RSW3_S296_L001_R2_001.fastq.gz
SRR41041359	SAMN64011055	RSW4	16S	RSW4_16S	raw_data/16S	RSW4_S297_L001_R1_001.fastq.gz	RSW4_S297_L001_R2_001.fastq.gz
SRR41041358	SAMN64011056	SGA1	16S	SGA1_16S	raw_data/16S	SGA1_S278_L001_R1_001.fastq.gz	SGA1_S278_L001_R2_001.fastq.gz
SRR41041357	SAMN64011057	SGA2	16S	SGA2_16S	raw_data/16S	SGA2_S279_L001_R1_001.fastq.gz	SGA2_S279_L001_R2_001.fastq.gz
SRR41041356	SAMN64011058	SGA3	16S	SGA3_16S	raw_data/16S	SGA3_S280_L001_R1_001.fastq.gz	SGA3_S280_L001_R2_001.fastq.gz
SRR41041355	SAMN64011059	SGA4	16S	SGA4_16S	raw_data/16S	SGA4_S281_L001_R1_001.fastq.gz	SGA4_S281_L001_R2_001.fastq.gz
SRR41041354	SAMN64011060	SGA5	16S	SGA5_16S	raw_data/16S	SGA5_S288_L001_R1_001.fastq.gz	SGA5_S288_L001_R2_001.fastq.gz
SRR41041352	SAMN64011061	SGA6	16S	SGA6_16S	raw_data/16S	SGA6_S289_L001_R1_001.fastq.gz	SGA6_S289_L001_R2_001.fastq.gz
SRR41041351	SAMN64011062	SGS1	16S	SGS1_16S	raw_data/16S	SGS1_S137_L001_R1_001.fastq.gz	SGS1_S137_L001_R2_001.fastq.gz
SRR41041350	SAMN64011063	SGS2	16S	SGS2_16S	raw_data/16S	SGS2_S138_L001_R1_001.fastq.gz	SGS2_S138_L001_R2_001.fastq.gz
SRR41041349	SAMN64011064	SGS3	16S	SGS3_16S	raw_data/16S	SGS3_S139_L001_R1_001.fastq.gz	SGS3_S139_L001_R2_001.fastq.gz
SRR41041348	SAMN64011065	SGS4	16S	SGS4_16S	raw_data/16S	SGS4_S140_L001_R1_001.fastq.gz	SGS4_S140_L001_R2_001.fastq.gz
SRR41041347	SAMN64011066	YA1	16S	YA1_16S	raw_data/16S	YA1_S230_L001_R1_001.fastq.gz	YA1_S230_L001_R2_001.fastq.gz
SRR41041346	SAMN64011067	YA10	16S	YA10_16S	raw_data/16S	YA10_S239_L001_R1_001.fastq.gz	YA10_S239_L001_R2_001.fastq.gz
SRR41041345	SAMN64011068	YA11	16S	YA11_16S	raw_data/16S	YA11_S240_L001_R1_001.fastq.gz	YA11_S240_L001_R2_001.fastq.gz
SRR41041344	SAMN64011069	YA12	16S	YA12_16S	raw_data/16S	YA12_S241_L001_R1_001.fastq.gz	YA12_S241_L001_R2_001.fastq.gz
SRR41041343	SAMN64011070	YA13	16S	YA13_16S	raw_data/16S	YA13_S242_L001_R1_001.fastq.gz	YA13_S242_L001_R2_001.fastq.gz
SRR41041341	SAMN64011071	YA14	16S	YA14_16S	raw_data/16S	YA14_S243_L001_R1_001.fastq.gz	YA14_S243_L001_R2_001.fastq.gz
SRR41041340	SAMN64011072	YA15	16S	YA15_16S	raw_data/16S	YA15_S244_L001_R1_001.fastq.gz	YA15_S244_L001_R2_001.fastq.gz
SRR41041339	SAMN64011073	YA16	16S	YA16_16S	raw_data/16S	YA16_S245_L001_R1_001.fastq.gz	YA16_S245_L001_R2_001.fastq.gz
SRR41041236	SAMN64011074	YA17	16S	YA17_16S	raw_data/16S	YA17_S246_L001_R1_001.fastq.gz	YA17_S246_L001_R2_001.fastq.gz
SRR41041235	SAMN64011075	YA18	16S	YA18_16S	raw_data/16S	YA18_S247_L001_R1_001.fastq.gz	YA18_S247_L001_R2_001.fastq.gz
SRR41041234	SAMN64011076	YA19	16S	YA19_16S	raw_data/16S	YA19_S248_L001_R1_001.fastq.gz	YA19_S248_L001_R2_001.fastq.gz
SRR41041233	SAMN64011077	YA2	16S	YA2_16S	raw_data/16S	YA2_S231_L001_R1_001.fastq.gz	YA2_S231_L001_R2_001.fastq.gz
SRR41041232	SAMN64011078	YA20	16S	YA20_16S	raw_data/16S	YA20_S249_L001_R1_001.fastq.gz	YA20_S249_L001_R2_001.fastq.gz
SRR41041231	SAMN64011079	YA21	16S	YA21_16S	raw_data/16S	YA21_S250_L001_R1_001.fastq.gz	YA21_S250_L001_R2_001.fastq.gz
SRR41041230	SAMN64011080	YA22	16S	YA22_16S	raw_data/16S	YA22_S251_L001_R1_001.fastq.gz	YA22_S251_L001_R2_001.fastq.gz
SRR41041228	SAMN64011081	YA23	16S	YA23_16S	raw_data/16S	YA23_S252_L001_R1_001.fastq.gz	YA23_S252_L001_R2_001.fastq.gz
SRR41041227	SAMN64011082	YA24	16S	YA24_16S	raw_data/16S	YA24_S253_L001_R1_001.fastq.gz	YA24_S253_L001_R2_001.fastq.gz
SRR41041226	SAMN64011083	YA25	16S	YA25_16S	raw_data/16S	YA25_S254_L001_R1_001.fastq.gz	YA25_S254_L001_R2_001.fastq.gz
SRR41041225	SAMN64011084	YA26	16S	YA26_16S	raw_data/16S	YA26_S255_L001_R1_001.fastq.gz	YA26_S255_L001_R2_001.fastq.gz
SRR41041224	SAMN64011085	YA27	16S	YA27_16S	raw_data/16S	YA27_S256_L001_R1_001.fastq.gz	YA27_S256_L001_R2_001.fastq.gz
SRR41041223	SAMN64011086	YA28	16S	YA28_16S	raw_data/16S	YA28_S257_L001_R1_001.fastq.gz	YA28_S257_L001_R2_001.fastq.gz
SRR41041222	SAMN64011087	YA29	16S	YA29_16S	raw_data/16S	YA29_S258_L001_R1_001.fastq.gz	YA29_S258_L001_R2_001.fastq.gz
SRR41041221	SAMN64011088	YA3	16S	YA3_16S	raw_data/16S	YA3_S232_L001_R1_001.fastq.gz	YA3_S232_L001_R2_001.fastq.gz
SRR41041220	SAMN64011089	YA30	16S	YA30_16S	raw_data/16S	YA30_S259_L001_R1_001.fastq.gz	YA30_S259_L001_R2_001.fastq.gz
SRR41041219	SAMN64011090	YA31	16S	YA31_16S	raw_data/16S	YA31_S260_L001_R1_001.fastq.gz	YA31_S260_L001_R2_001.fastq.gz
SRR41041217	SAMN64011091	YA32	16S	YA32_16S	raw_data/16S	YA32_S261_L001_R1_001.fastq.gz	YA32_S261_L001_R2_001.fastq.gz
SRR41041216	SAMN64011092	YA33	16S	YA33_16S	raw_data/16S	YA33_S262_L001_R1_001.fastq.gz	YA33_S262_L001_R2_001.fastq.gz
SRR41041215	SAMN64011093	YA34	16S	YA34_16S	raw_data/16S	YA34_S263_L001_R1_001.fastq.gz	YA34_S263_L001_R2_001.fastq.gz
SRR41041214	SAMN64011094	YA35	16S	YA35_16S	raw_data/16S	YA35_S264_L001_R1_001.fastq.gz	YA35_S264_L001_R2_001.fastq.gz
SRR41041212	SAMN64011095	YA36	16S	YA36_16S	raw_data/16S	YA36_S265_L001_R1_001.fastq.gz	YA36_S265_L001_R2_001.fastq.gz
SRR41041542	SAMN64011096	YA37	16S	YA37_16S	raw_data/16S	YA37_S266_L001_R1_001.fastq.gz	YA37_S266_L001_R2_001.fastq.gz
SRR41041541	SAMN64011097	YA4	16S	YA4_16S	raw_data/16S	YA4_S233_L001_R1_001.fastq.gz	YA4_S233_L001_R2_001.fastq.gz
SRR41041540	SAMN64011098	YA5	16S	YA5_16S	raw_data/16S	YA5_S234_L001_R1_001.fastq.gz	YA5_S234_L001_R2_001.fastq.gz
SRR41041539	SAMN64011099	YA6	16S	YA6_16S	raw_data/16S	YA6_S235_L001_R1_001.fastq.gz	YA6_S235_L001_R2_001.fastq.gz
SRR41041538	SAMN64011100	YA7	16S	YA7_16S	raw_data/16S	YA7_S236_L001_R1_001.fastq.gz	YA7_S236_L001_R2_001.fastq.gz
SRR41041536	SAMN64011101	YA8	16S	YA8_16S	raw_data/16S	YA8_S237_L001_R1_001.fastq.gz	YA8_S237_L001_R2_001.fastq.gz
SRR41041535	SAMN64011102	YA9	16S	YA9_16S	raw_data/16S	YA9_S238_L001_R1_001.fastq.gz	YA9_S238_L001_R2_001.fastq.gz
SRR41041534	SAMN64011103	YS1	16S	YS1_16S	raw_data/16S	YS1_S119_L001_R1_001.fastq.gz	YS1_S119_L001_R2_001.fastq.gz
SRR41041533	SAMN64011104	YS2	16S	YS2_16S	raw_data/16S	YS2_S120_L001_R1_001.fastq.gz	YS2_S120_L001_R2_001.fastq.gz
SRR41041532	SAMN64011105	YS3	16S	YS3_16S	raw_data/16S	YS3_S121_L001_R1_001.fastq.gz	YS3_S121_L001_R2_001.fastq.gz
SRR41041531	SAMN64011106	YS4	16S	YS4_16S	raw_data/16S	YS4_S122_L001_R1_001.fastq.gz	YS4_S122_L001_R2_001.fastq.gz
SRR41041530	SAMN64011107	YS5	16S	YS5_16S	raw_data/16S	YS5_S123_L001_R1_001.fastq.gz	YS5_S123_L001_R2_001.fastq.gz
SRR41041529	SAMN64011108	YS6	16S	YS6_16S	raw_data/16S	YS6_S124_L001_R1_001.fastq.gz	YS6_S124_L001_R2_001.fastq.gz
SRR41041648	SAMN64010911	GUS1	18S	GUS1_18S	18S/data	GUS1_S145_L001_R1_001.fastq.gz	GUS1_S145_L001_R2_001.fastq.gz
SRR41041647	SAMN64010912	GUS2	18S	GUS2_18S	18S/data	GUS2_S146_L001_R1_001.fastq.gz	GUS2_S146_L001_R2_001.fastq.gz
SRR41041646	SAMN64010913	GUS3	18S	GUS3_18S	18S/data	GUS3_S147_L001_R1_001.fastq.gz	GUS3_S147_L001_R2_001.fastq.gz
SRR41041645	SAMN64010914	GUS4	18S	GUS4_18S	18S/data	GUS4_S148_L001_R1_001.fastq.gz	GUS4_S148_L001_R2_001.fastq.gz
SRR41041311	SAMN64010915	GUS5	18S	GUS5_18S	18S/data	GUS5_S149_L001_R1_001.fastq.gz	GUS5_S149_L001_R2_001.fastq.gz
SRR41041310	SAMN64010916	GUS6	18S	GUS6_18S	18S/data	GUS6_S150_L001_R1_001.fastq.gz	GUS6_S150_L001_R2_001.fastq.gz
SRR41041309	SAMN64010917	PAA1	18S	PAA1_18S	18S/data	PAA1_S193_L001_R1_001.fastq.gz	PAA1_S193_L001_R2_001.fastq.gz
SRR41041308	SAMN64010918	PAA2	18S	PAA2_18S	18S/data	PAA2_S194_L001_R1_001.fastq.gz	PAA2_S194_L001_R2_001.fastq.gz
SRR41041307	SAMN64010919	PAA3	18S	PAA3_18S	18S/data	PAA3_S195_L001_R1_001.fastq.gz	PAA3_S195_L001_R2_001.fastq.gz
SRR41041306	SAMN64010920	PAA4	18S	PAA4_18S	18S/data	PAA4_S196_L001_R1_001.fastq.gz	PAA4_S196_L001_R2_001.fastq.gz
SRR41041305	SAMN64010921	PAA5	18S	PAA5_18S	18S/data	PAA5_S284_L001_R1_001.fastq.gz	PAA5_S284_L001_R2_001.fastq.gz
SRR41041304	SAMN64010922	PAA6	18S	PAA6_18S	18S/data	PAA6_S285_L001_R1_001.fastq.gz	PAA6_S285_L001_R2_001.fastq.gz
SRR41041303	SAMN64010923	PAS1	18S	PAS1_18S	18S/data	PAS1_S125_L001_R1_001.fastq.gz	PAS1_S125_L001_R2_001.fastq.gz
SRR41041302	SAMN64010924	PAS3	18S	PAS3_18S	18S/data	PAS3_S127_L001_R1_001.fastq.gz	PAS3_S127_L001_R2_001.fastq.gz
SRR41041300	SAMN64010925	PAS4	18S	PAS4_18S	18S/data	PAS4_S128_L001_R1_001.fastq.gz	PAS4_S128_L001_R2_001.fastq.gz
SRR41041298	SAMN64010927	PNA1	18S	PNA1_18S	18S/data	PNA1_S274_L001_R1_001.fastq.gz	PNA1_S274_L001_R2_001.fastq.gz
SRR41041297	SAMN64010928	PNA2	18S	PNA2_18S	18S/data	PNA2_S275_L001_R1_001.fastq.gz	PNA2_S275_L001_R2_001.fastq.gz
SRR41041296	SAMN64010929	PNA3	18S	PNA3_18S	18S/data	PNA3_S276_L001_R1_001.fastq.gz	PNA3_S276_L001_R2_001.fastq.gz
SRR41041295	SAMN64010930	PNA4	18S	PNA4_18S	18S/data	PNA4_S277_L001_R1_001.fastq.gz	PNA4_S277_L001_R2_001.fastq.gz
SRR41041294	SAMN64010931	PNA5	18S	PNA5_18S	18S/data	PNA5_S286_L001_R1_001.fastq.gz	PNA5_S286_L001_R2_001.fastq.gz
SRR41041293	SAMN64010932	PNA6	18S	PNA6_18S	18S/data	PNA6_S287_L001_R1_001.fastq.gz	PNA6_S287_L001_R2_001.fastq.gz
SRR41041292	SAMN64010933	PNS1	18S	PNS1_18S	18S/data	PNS1_S141_L001_R1_001.fastq.gz	PNS1_S141_L001_R2_001.fastq.gz
SRR41041291	SAMN64010934	PNS2	18S	PNS2_18S	18S/data	PNS2_S142_L001_R1_001.fastq.gz	PNS2_S142_L001_R2_001.fastq.gz
SRR41041289	SAMN64010935	PNS3	18S	PNS3_18S	18S/data	PNS3_S143_L001_R1_001.fastq.gz	PNS3_S143_L001_R2_001.fastq.gz
SRR41041288	SAMN64010936	PNS4	18S	PNS4_18S	18S/data	PNS4_S144_L001_R1_001.fastq.gz	PNS4_S144_L001_R2_001.fastq.gz
SRR41041159	SAMN64010937	PVA1	18S	PVA1_18S	18S/data	PVA1_S197_L001_R1_001.fastq.gz	PVA1_S197_L001_R2_001.fastq.gz
SRR41041158	SAMN64010938	PVA2	18S	PVA2_18S	18S/data	PVA2_S267_L001_R1_001.fastq.gz	PVA2_S267_L001_R2_001.fastq.gz
SRR41041157	SAMN64010939	PVA3	18S	PVA3_18S	18S/data	PVA3_S268_L001_R1_001.fastq.gz	PVA3_S268_L001_R2_001.fastq.gz
SRR41041156	SAMN64010940	PVA4	18S	PVA4_18S	18S/data	PVA4_S269_L001_R1_001.fastq.gz	PVA4_S269_L001_R2_001.fastq.gz
SRR41041155	SAMN64010941	PVA5	18S	PVA5_18S	18S/data	PVA5_S290_L001_R1_001.fastq.gz	PVA5_S290_L001_R2_001.fastq.gz
SRR41041154	SAMN64010942	PVA6	18S	PVA6_18S	18S/data	PVA6_S291_L001_R1_001.fastq.gz	PVA6_S291_L001_R2_001.fastq.gz
SRR41041153	SAMN64010943	PVS1	18S	PVS1_18S	18S/data	PVS1_S129_L001_R1_001.fastq.gz	PVS1_S129_L001_R2_001.fastq.gz
SRR41041152	SAMN64010944	PVS2	18S	PVS2_18S	18S/data	PVS2_S130_L001_R1_001.fastq.gz	PVS2_S130_L001_R2_001.fastq.gz
SRR41041150	SAMN64010945	PVS3	18S	PVS3_18S	18S/data	PVS3_S131_L001_R1_001.fastq.gz	PVS3_S131_L001_R2_001.fastq.gz
SRR41041149	SAMN64010946	PVS4	18S	PVS4_18S	18S/data	PVS4_S132_L001_R1_001.fastq.gz	PVS4_S132_L001_R2_001.fastq.gz
SRR41041148	SAMN64010947	PWA1	18S	PWA1_18S	18S/data	PWA1_S270_L001_R1_001.fastq.gz	PWA1_S270_L001_R2_001.fastq.gz
SRR41041147	SAMN64010948	PWA2	18S	PWA2_18S	18S/data	PWA2_S271_L001_R1_001.fastq.gz	PWA2_S271_L001_R2_001.fastq.gz
SRR41041146	SAMN64010949	PWA3	18S	PWA3_18S	18S/data	PWA3_S272_L001_R1_001.fastq.gz	PWA3_S272_L001_R2_001.fastq.gz
SRR41041145	SAMN64010950	PWA4	18S	PWA4_18S	18S/data	PWA4_S273_L001_R1_001.fastq.gz	PWA4_S273_L001_R2_001.fastq.gz
SRR41041144	SAMN64010951	PWA5	18S	PWA5_18S	18S/data	PWA5_S282_L001_R1_001.fastq.gz	PWA5_S282_L001_R2_001.fastq.gz
SRR41041143	SAMN64010952	PWA6	18S	PWA6_18S	18S/data	PWA6_S283_L001_R1_001.fastq.gz	PWA6_S283_L001_R2_001.fastq.gz
SRR41041142	SAMN64010953	PWS1	18S	PWS1_18S	18S/data	PWS1_S133_L001_R1_001.fastq.gz	PWS1_S133_L001_R2_001.fastq.gz
SRR41041141	SAMN64010954	PWS2	18S	PWS2_18S	18S/data	PWS2_S134_L001_R1_001.fastq.gz	PWS2_S134_L001_R2_001.fastq.gz
SRR41041139	SAMN64010955	PWS3	18S	PWS3_18S	18S/data	PWS3_S135_L001_R1_001.fastq.gz	PWS3_S135_L001_R2_001.fastq.gz
SRR41041138	SAMN64010956	PWS4	18S	PWS4_18S	18S/data	PWS4_S136_L001_R1_001.fastq.gz	PWS4_S136_L001_R2_001.fastq.gz
SRR41041299	SAMN64010926	PatCB1	18S	PatCB1_18S	18S/data	PatCB1_S292_L001_R1_001.fastq.gz	PatCB1_S292_L001_R2_001.fastq.gz
SRR41041137	SAMN64010957	RA1	18S	RA1_18S	18S/data	RA1_S198_L001_R1_001.fastq.gz	RA1_S198_L001_R2_001.fastq.gz
SRR41041136	SAMN64010958	RA10	18S	RA10_18S	18S/data	RA10_S207_L001_R1_001.fastq.gz	RA10_S207_L001_R2_001.fastq.gz
SRR41041435	SAMN64010959	RA11	18S	RA11_18S	18S/data	RA11_S208_L001_R1_001.fastq.gz	RA11_S208_L001_R2_001.fastq.gz
SRR41041434	SAMN64010960	RA12	18S	RA12_18S	18S/data	RA12_S209_L001_R1_001.fastq.gz	RA12_S209_L001_R2_001.fastq.gz
SRR41041433	SAMN64010961	RA13	18S	RA13_18S	18S/data	RA13_S210_L001_R1_001.fastq.gz	RA13_S210_L001_R2_001.fastq.gz
SRR41041432	SAMN64010962	RA14	18S	RA14_18S	18S/data	RA14_S211_L001_R1_001.fastq.gz	RA14_S211_L001_R2_001.fastq.gz
SRR41041431	SAMN64010963	RA15	18S	RA15_18S	18S/data	RA15_S212_L001_R1_001.fastq.gz	RA15_S212_L001_R2_001.fastq.gz
SRR41041430	SAMN64010964	RA16	18S	RA16_18S	18S/data	RA16_S213_L001_R1_001.fastq.gz	RA16_S213_L001_R2_001.fastq.gz
SRR41041428	SAMN64010965	RA17	18S	RA17_18S	18S/data	RA17_S214_L001_R1_001.fastq.gz	RA17_S214_L001_R2_001.fastq.gz
SRR41041427	SAMN64010966	RA18	18S	RA18_18S	18S/data	RA18_S215_L001_R1_001.fastq.gz	RA18_S215_L001_R2_001.fastq.gz
SRR41041426	SAMN64010967	RA19	18S	RA19_18S	18S/data	RA19_S216_L001_R1_001.fastq.gz	RA19_S216_L001_R2_001.fastq.gz
SRR41041425	SAMN64010968	RA2	18S	RA2_18S	18S/data	RA2_S199_L001_R1_001.fastq.gz	RA2_S199_L001_R2_001.fastq.gz
SRR41041424	SAMN64010969	RA20	18S	RA20_18S	18S/data	RA20_S217_L001_R1_001.fastq.gz	RA20_S217_L001_R2_001.fastq.gz
SRR41041423	SAMN64010970	RA21	18S	RA21_18S	18S/data	RA21_S218_L001_R1_001.fastq.gz	RA21_S218_L001_R2_001.fastq.gz
SRR41041422	SAMN64010971	RA22	18S	RA22_18S	18S/data	RA22_S219_L001_R1_001.fastq.gz	RA22_S219_L001_R2_001.fastq.gz
SRR41041421	SAMN64010972	RA23	18S	RA23_18S	18S/data	RA23_S220_L001_R1_001.fastq.gz	RA23_S220_L001_R2_001.fastq.gz
SRR41041420	SAMN64010973	RA24	18S	RA24_18S	18S/data	RA24_S221_L001_R1_001.fastq.gz	RA24_S221_L001_R2_001.fastq.gz
SRR41041419	SAMN64010974	RA25	18S	RA25_18S	18S/data	RA25_S222_L001_R1_001.fastq.gz	RA25_S222_L001_R2_001.fastq.gz
SRR41041417	SAMN64010975	RA26	18S	RA26_18S	18S/data	RA26_S223_L001_R1_001.fastq.gz	RA26_S223_L001_R2_001.fastq.gz
SRR41041416	SAMN64010976	RA27	18S	RA27_18S	18S/data	RA27_S224_L001_R1_001.fastq.gz	RA27_S224_L001_R2_001.fastq.gz
SRR41041415	SAMN64010977	RA28	18S	RA28_18S	18S/data	RA28_S225_L001_R1_001.fastq.gz	RA28_S225_L001_R2_001.fastq.gz
SRR41041414	SAMN64010978	RA29	18S	RA29_18S	18S/data	RA29_S226_L001_R1_001.fastq.gz	RA29_S226_L001_R2_001.fastq.gz
SRR41041413	SAMN64010979	RA3	18S	RA3_18S	18S/data	RA3_S200_L001_R1_001.fastq.gz	RA3_S200_L001_R2_001.fastq.gz
SRR41041412	SAMN64010980	RA30	18S	RA30_18S	18S/data	RA30_S227_L001_R1_001.fastq.gz	RA30_S227_L001_R2_001.fastq.gz
SRR41041642	SAMN64010981	RA31	18S	RA31_18S	18S/data	RA31_S228_L001_R1_001.fastq.gz	RA31_S228_L001_R2_001.fastq.gz
SRR41041641	SAMN64010982	RA32	18S	RA32_18S	18S/data	RA32_S229_L001_R1_001.fastq.gz	RA32_S229_L001_R2_001.fastq.gz
SRR41041640	SAMN64010983	RA4	18S	RA4_18S	18S/data	RA4_S201_L001_R1_001.fastq.gz	RA4_S201_L001_R2_001.fastq.gz
SRR41041639	SAMN64010984	RA5	18S	RA5_18S	18S/data	RA5_S202_L001_R1_001.fastq.gz	RA5_S202_L001_R2_001.fastq.gz
SRR41041637	SAMN64010985	RA6	18S	RA6_18S	18S/data	RA6_S203_L001_R1_001.fastq.gz	RA6_S203_L001_R2_001.fastq.gz
SRR41041636	SAMN64010986	RA7	18S	RA7_18S	18S/data	RA7_S204_L001_R1_001.fastq.gz	RA7_S204_L001_R2_001.fastq.gz
SRR41041635	SAMN64010987	RA8	18S	RA8_18S	18S/data	RA8_S205_L001_R1_001.fastq.gz	RA8_S205_L001_R2_001.fastq.gz
SRR41041634	SAMN64010988	RA9	18S	RA9_18S	18S/data	RA9_S206_L001_R1_001.fastq.gz	RA9_S206_L001_R2_001.fastq.gz
SRR41041633	SAMN64010989	RS1	18S	RS1_18S	18S/data	RS1_S56_L001_R1_001.fastq.gz	RS1_S56_L001_R2_001.fastq.gz
SRR41041632	SAMN64010990	RS10	18S	RS10_18S	18S/data	RS10_S65_L001_R1_001.fastq.gz	RS10_S65_L001_R2_001.fastq.gz
SRR41041631	SAMN64010991	RS11	18S	RS11_18S	18S/data	RS11_S66_L001_R1_001.fastq.gz	RS11_S66_L001_R2_001.fastq.gz
SRR41041630	SAMN64010992	RS12	18S	RS12_18S	18S/data	RS12_S67_L001_R1_001.fastq.gz	RS12_S67_L001_R2_001.fastq.gz
SRR41041629	SAMN64010993	RS13	18S	RS13_18S	18S/data	RS13_S68_L001_R1_001.fastq.gz	RS13_S68_L001_R2_001.fastq.gz
SRR41041628	SAMN64010994	RS14	18S	RS14_18S	18S/data	RS14_S69_L001_R1_001.fastq.gz	RS14_S69_L001_R2_001.fastq.gz
SRR41041626	SAMN64010995	RS15	18S	RS15_18S	18S/data	RS15_S70_L001_R1_001.fastq.gz	RS15_S70_L001_R2_001.fastq.gz
SRR41041625	SAMN64010996	RS16	18S	RS16_18S	18S/data	RS16_S71_L001_R1_001.fastq.gz	RS16_S71_L001_R2_001.fastq.gz
SRR41041624	SAMN64010997	RS17	18S	RS17_18S	18S/data	RS17_S72_L001_R1_001.fastq.gz	RS17_S72_L001_R2_001.fastq.gz
SRR41041623	SAMN64010998	RS18	18S	RS18_18S	18S/data	RS18_S73_L001_R1_001.fastq.gz	RS18_S73_L001_R2_001.fastq.gz
SRR41041622	SAMN64010999	RS19	18S	RS19_18S	18S/data	RS19_S74_L001_R1_001.fastq.gz	RS19_S74_L001_R2_001.fastq.gz
SRR41041621	SAMN64011000	RS2	18S	RS2_18S	18S/data	RS2_S57_L001_R1_001.fastq.gz	RS2_S57_L001_R2_001.fastq.gz
SRR41041620	SAMN64011001	RS20	18S	RS20_18S	18S/data	RS20_S75_L001_R1_001.fastq.gz	RS20_S75_L001_R2_001.fastq.gz
SRR41041619	SAMN64011002	RS21	18S	RS21_18S	18S/data	RS21_S76_L001_R1_001.fastq.gz	RS21_S76_L001_R2_001.fastq.gz
SRR41041287	SAMN64011003	RS22	18S	RS22_18S	18S/data	RS22_S77_L001_R1_001.fastq.gz	RS22_S77_L001_R2_001.fastq.gz
SRR41041286	SAMN64011004	RS23	18S	RS23_18S	18S/data	RS23_S78_L001_R1_001.fastq.gz	RS23_S78_L001_R2_001.fastq.gz
SRR41041284	SAMN64011005	RS24	18S	RS24_18S	18S/data	RS24_S79_L001_R1_001.fastq.gz	RS24_S79_L001_R2_001.fastq.gz
SRR41041283	SAMN64011006	RS25	18S	RS25_18S	18S/data	RS25_S80_L001_R1_001.fastq.gz	RS25_S80_L001_R2_001.fastq.gz
SRR41041282	SAMN64011007	RS26	18S	RS26_18S	18S/data	RS26_S81_L001_R1_001.fastq.gz	RS26_S81_L001_R2_001.fastq.gz
SRR41041281	SAMN64011008	RS27	18S	RS27_18S	18S/data	RS27_S82_L001_R1_001.fastq.gz	RS27_S82_L001_R2_001.fastq.gz
SRR41041280	SAMN64011009	RS28	18S	RS28_18S	18S/data	RS28_S83_L001_R1_001.fastq.gz	RS28_S83_L001_R2_001.fastq.gz
SRR41041279	SAMN64011010	RS29	18S	RS29_18S	18S/data	RS29_S84_L001_R1_001.fastq.gz	RS29_S84_L001_R2_001.fastq.gz
SRR41041278	SAMN64011011	RS3	18S	RS3_18S	18S/data	RS3_S58_L001_R1_001.fastq.gz	RS3_S58_L001_R2_001.fastq.gz
SRR41041277	SAMN64011012	RS30	18S	RS30_18S	18S/data	RS30_S85_L001_R1_001.fastq.gz	RS30_S85_L001_R2_001.fastq.gz
SRR41041276	SAMN64011013	RS31	18S	RS31_18S	18S/data	RS31_S86_L001_R1_001.fastq.gz	RS31_S86_L001_R2_001.fastq.gz
SRR41041275	SAMN64011014	RS32	18S	RS32_18S	18S/data	RS32_S87_L001_R1_001.fastq.gz	RS32_S87_L001_R2_001.fastq.gz
SRR41041272	SAMN64011015	RS33	18S	RS33_18S	18S/data	RS33_S88_L001_R1_001.fastq.gz	RS33_S88_L001_R2_001.fastq.gz
SRR41041271	SAMN64011016	RS34	18S	RS34_18S	18S/data	RS34_S89_L001_R1_001.fastq.gz	RS34_S89_L001_R2_001.fastq.gz
SRR41041270	SAMN64011017	RS35	18S	RS35_18S	18S/data	RS35_S90_L001_R1_001.fastq.gz	RS35_S90_L001_R2_001.fastq.gz
SRR41041269	SAMN64011018	RS36	18S	RS36_18S	18S/data	RS36_S91_L001_R1_001.fastq.gz	RS36_S91_L001_R2_001.fastq.gz
SRR41041268	SAMN64011019	RS37	18S	RS37_18S	18S/data	RS37_S92_L001_R1_001.fastq.gz	RS37_S92_L001_R2_001.fastq.gz
SRR41041267	SAMN64011020	RS38	18S	RS38_18S	18S/data	RS38_S93_L001_R1_001.fastq.gz	RS38_S93_L001_R2_001.fastq.gz
SRR41041266	SAMN64011021	RS39	18S	RS39_18S	18S/data	RS39_S94_L001_R1_001.fastq.gz	RS39_S94_L001_R2_001.fastq.gz
SRR41041265	SAMN64011022	RS4	18S	RS4_18S	18S/data	RS4_S59_L001_R1_001.fastq.gz	RS4_S59_L001_R2_001.fastq.gz
SRR41041264	SAMN64011023	RS40	18S	RS40_18S	18S/data	RS40_S95_L001_R1_001.fastq.gz	RS40_S95_L001_R2_001.fastq.gz
SRR41041263	SAMN64011024	RS41	18S	RS41_18S	18S/data	RS41_S96_L001_R1_001.fastq.gz	RS41_S96_L001_R2_001.fastq.gz
SRR41041134	SAMN64011025	RS42	18S	RS42_18S	18S/data	RS42_S97_L001_R1_001.fastq.gz	RS42_S97_L001_R2_001.fastq.gz
SRR41041133	SAMN64011026	RS43	18S	RS43_18S	18S/data	RS43_S98_L001_R1_001.fastq.gz	RS43_S98_L001_R2_001.fastq.gz
SRR41041132	SAMN64011027	RS44	18S	RS44_18S	18S/data	RS44_S99_L001_R1_001.fastq.gz	RS44_S99_L001_R2_001.fastq.gz
SRR41041131	SAMN64011028	RS45	18S	RS45_18S	18S/data	RS45_S100_L001_R1_001.fastq.gz	RS45_S100_L001_R2_001.fastq.gz
SRR41041130	SAMN64011029	RS46	18S	RS46_18S	18S/data	RS46_S101_L001_R1_001.fastq.gz	RS46_S101_L001_R2_001.fastq.gz
SRR41041129	SAMN64011030	RS47	18S	RS47_18S	18S/data	RS47_S102_L001_R1_001.fastq.gz	RS47_S102_L001_R2_001.fastq.gz
SRR41041128	SAMN64011031	RS48	18S	RS48_18S	18S/data	RS48_S103_L001_R1_001.fastq.gz	RS48_S103_L001_R2_001.fastq.gz
SRR41041127	SAMN64011032	RS49	18S	RS49_18S	18S/data	RS49_S104_L001_R1_001.fastq.gz	RS49_S104_L001_R2_001.fastq.gz
SRR41041126	SAMN64011033	RS5	18S	RS5_18S	18S/data	RS5_S60_L001_R1_001.fastq.gz	RS5_S60_L001_R2_001.fastq.gz
SRR41041125	SAMN64011034	RS50	18S	RS50_18S	18S/data	RS50_S105_L001_R1_001.fastq.gz	RS50_S105_L001_R2_001.fastq.gz
SRR41041123	SAMN64011035	RS51	18S	RS51_18S	18S/data	RS51_S106_L001_R1_001.fastq.gz	RS51_S106_L001_R2_001.fastq.gz
SRR41041122	SAMN64011036	RS52	18S	RS52_18S	18S/data	RS52_S107_L001_R1_001.fastq.gz	RS52_S107_L001_R2_001.fastq.gz
SRR41041121	SAMN64011037	RS53	18S	RS53_18S	18S/data	RS53_S108_L001_R1_001.fastq.gz	RS53_S108_L001_R2_001.fastq.gz
SRR41041120	SAMN64011038	RS54	18S	RS54_18S	18S/data	RS54_S109_L001_R1_001.fastq.gz	RS54_S109_L001_R2_001.fastq.gz
SRR41041119	SAMN64011039	RS55	18S	RS55_18S	18S/data	RS55_S110_L001_R1_001.fastq.gz	RS55_S110_L001_R2_001.fastq.gz
SRR41041118	SAMN64011040	RS56	18S	RS56_18S	18S/data	RS56_S111_L001_R1_001.fastq.gz	RS56_S111_L001_R2_001.fastq.gz
SRR41041117	SAMN64011041	RS57	18S	RS57_18S	18S/data	RS57_S112_L001_R1_001.fastq.gz	RS57_S112_L001_R2_001.fastq.gz
SRR41041116	SAMN64011042	RS58	18S	RS58_18S	18S/data	RS58_S113_L001_R1_001.fastq.gz	RS58_S113_L001_R2_001.fastq.gz
SRR41041115	SAMN64011043	RS59	18S	RS59_18S	18S/data	RS59_S114_L001_R1_001.fastq.gz	RS59_S114_L001_R2_001.fastq.gz
SRR41041114	SAMN64011044	RS6	18S	RS6_18S	18S/data	RS6_S61_L001_R1_001.fastq.gz	RS6_S61_L001_R2_001.fastq.gz
SRR41041112	SAMN64011045	RS60	18S	RS60_18S	18S/data	RS60_S115_L001_R1_001.fastq.gz	RS60_S115_L001_R2_001.fastq.gz
SRR41041111	SAMN64011046	RS61	18S	RS61_18S	18S/data	RS61_S116_L001_R1_001.fastq.gz	RS61_S116_L001_R2_001.fastq.gz
SRR41041411	SAMN64011047	RS62	18S	RS62_18S	18S/data	RS62_S117_L001_R1_001.fastq.gz	RS62_S117_L001_R2_001.fastq.gz
SRR41041410	SAMN64011048	RS63	18S	RS63_18S	18S/data	RS63_S118_L001_R1_001.fastq.gz	RS63_S118_L001_R2_001.fastq.gz
SRR41041409	SAMN64011049	RS7	18S	RS7_18S	18S/data	RS7_S62_L001_R1_001.fastq.gz	RS7_S62_L001_R2_001.fastq.gz
SRR41041408	SAMN64011050	RS8	18S	RS8_18S	18S/data	RS8_S63_L001_R1_001.fastq.gz	RS8_S63_L001_R2_001.fastq.gz
SRR41041407	SAMN64011051	RS9	18S	RS9_18S	18S/data	RS9_S64_L001_R1_001.fastq.gz	RS9_S64_L001_R2_001.fastq.gz
SRR41041406	SAMN64011052	RSW1	18S	RSW1_18S	18S/data	RSW1_S294_L001_R1_001.fastq.gz	RSW1_S294_L001_R2_001.fastq.gz
SRR41041405	SAMN64011053	RSW2	18S	RSW2_18S	18S/data	RSW2_S295_L001_R1_001.fastq.gz	RSW2_S295_L001_R2_001.fastq.gz
SRR41041404	SAMN64011054	RSW3	18S	RSW3_18S	18S/data	RSW3_S296_L001_R1_001.fastq.gz	RSW3_S296_L001_R2_001.fastq.gz
SRR41041402	SAMN64011055	RSW4	18S	RSW4_18S	18S/data	RSW4_S297_L001_R1_001.fastq.gz	RSW4_S297_L001_R2_001.fastq.gz
SRR41041401	SAMN64011056	SGA1	18S	SGA1_18S	18S/data	SGA1_S278_L001_R1_001.fastq.gz	SGA1_S278_L001_R2_001.fastq.gz
SRR41041400	SAMN64011057	SGA2	18S	SGA2_18S	18S/data	SGA2_S279_L001_R1_001.fastq.gz	SGA2_S279_L001_R2_001.fastq.gz
SRR41041399	SAMN64011058	SGA3	18S	SGA3_18S	18S/data	SGA3_S280_L001_R1_001.fastq.gz	SGA3_S280_L001_R2_001.fastq.gz
SRR41041398	SAMN64011059	SGA4	18S	SGA4_18S	18S/data	SGA4_S281_L001_R1_001.fastq.gz	SGA4_S281_L001_R2_001.fastq.gz
SRR41041397	SAMN64011060	SGA5	18S	SGA5_18S	18S/data	SGA5_S288_L001_R1_001.fastq.gz	SGA5_S288_L001_R2_001.fastq.gz
SRR41041396	SAMN64011061	SGA6	18S	SGA6_18S	18S/data	SGA6_S289_L001_R1_001.fastq.gz	SGA6_S289_L001_R2_001.fastq.gz
SRR41041395	SAMN64011062	SGS1	18S	SGS1_18S	18S/data	SGS1_S137_L001_R1_001.fastq.gz	SGS1_S137_L001_R2_001.fastq.gz
SRR41041394	SAMN64011063	SGS2	18S	SGS2_18S	18S/data	SGS2_S138_L001_R1_001.fastq.gz	SGS2_S138_L001_R2_001.fastq.gz
SRR41041393	SAMN64011064	SGS3	18S	SGS3_18S	18S/data	SGS3_S139_L001_R1_001.fastq.gz	SGS3_S139_L001_R2_001.fastq.gz
SRR41041391	SAMN64011065	SGS4	18S	SGS4_18S	18S/data	SGS4_S140_L001_R1_001.fastq.gz	SGS4_S140_L001_R2_001.fastq.gz
SRR41041390	SAMN64011066	YA1	18S	YA1_18S	18S/data	YA1_S230_L001_R1_001.fastq.gz	YA1_S230_L001_R2_001.fastq.gz
SRR41041389	SAMN64011067	YA10	18S	YA10_18S	18S/data	YA10_S239_L001_R1_001.fastq.gz	YA10_S239_L001_R2_001.fastq.gz
SRR41041388	SAMN64011068	YA11	18S	YA11_18S	18S/data	YA11_S240_L001_R1_001.fastq.gz	YA11_S240_L001_R2_001.fastq.gz
SRR41041387	SAMN64011069	YA12	18S	YA12_18S	18S/data	YA12_S241_L001_R1_001.fastq.gz	YA12_S241_L001_R2_001.fastq.gz
SRR41041618	SAMN64011070	YA13	18S	YA13_18S	18S/data	YA13_S242_L001_R1_001.fastq.gz	YA13_S242_L001_R2_001.fastq.gz
SRR41041617	SAMN64011071	YA14	18S	YA14_18S	18S/data	YA14_S243_L001_R1_001.fastq.gz	YA14_S243_L001_R2_001.fastq.gz
SRR41041616	SAMN64011072	YA15	18S	YA15_18S	18S/data	YA15_S244_L001_R1_001.fastq.gz	YA15_S244_L001_R2_001.fastq.gz
SRR41041615	SAMN64011073	YA16	18S	YA16_18S	18S/data	YA16_S245_L001_R1_001.fastq.gz	YA16_S245_L001_R2_001.fastq.gz
SRR41041614	SAMN64011074	YA17	18S	YA17_18S	18S/data	YA17_S246_L001_R1_001.fastq.gz	YA17_S246_L001_R2_001.fastq.gz
SRR41041612	SAMN64011075	YA18	18S	YA18_18S	18S/data	YA18_S247_L001_R1_001.fastq.gz	YA18_S247_L001_R2_001.fastq.gz
SRR41041611	SAMN64011076	YA19	18S	YA19_18S	18S/data	YA19_S248_L001_R1_001.fastq.gz	YA19_S248_L001_R2_001.fastq.gz
SRR41041610	SAMN64011077	YA2	18S	YA2_18S	18S/data	YA2_S231_L001_R1_001.fastq.gz	YA2_S231_L001_R2_001.fastq.gz
SRR41041609	SAMN64011078	YA20	18S	YA20_18S	18S/data	YA20_S249_L001_R1_001.fastq.gz	YA20_S249_L001_R2_001.fastq.gz
SRR41041608	SAMN64011079	YA21	18S	YA21_18S	18S/data	YA21_S250_L001_R1_001.fastq.gz	YA21_S250_L001_R2_001.fastq.gz
SRR41041607	SAMN64011080	YA22	18S	YA22_18S	18S/data	YA22_S251_L001_R1_001.fastq.gz	YA22_S251_L001_R2_001.fastq.gz
SRR41041606	SAMN64011081	YA23	18S	YA23_18S	18S/data	YA23_S252_L001_R1_001.fastq.gz	YA23_S252_L001_R2_001.fastq.gz
SRR41041605	SAMN64011082	YA24	18S	YA24_18S	18S/data	YA24_S253_L001_R1_001.fastq.gz	YA24_S253_L001_R2_001.fastq.gz
SRR41041604	SAMN64011083	YA25	18S	YA25_18S	18S/data	YA25_S254_L001_R1_001.fastq.gz	YA25_S254_L001_R2_001.fastq.gz
SRR41041603	SAMN64011084	YA26	18S	YA26_18S	18S/data	YA26_S255_L001_R1_001.fastq.gz	YA26_S255_L001_R2_001.fastq.gz
SRR41041601	SAMN64011085	YA27	18S	YA27_18S	18S/data	YA27_S256_L001_R1_001.fastq.gz	YA27_S256_L001_R2_001.fastq.gz
SRR41041600	SAMN64011086	YA28	18S	YA28_18S	18S/data	YA28_S257_L001_R1_001.fastq.gz	YA28_S257_L001_R2_001.fastq.gz
SRR41041599	SAMN64011087	YA29	18S	YA29_18S	18S/data	YA29_S258_L001_R1_001.fastq.gz	YA29_S258_L001_R2_001.fastq.gz
SRR41041598	SAMN64011088	YA3	18S	YA3_18S	18S/data	YA3_S232_L001_R1_001.fastq.gz	YA3_S232_L001_R2_001.fastq.gz
SRR41041597	SAMN64011089	YA30	18S	YA30_18S	18S/data	YA30_S259_L001_R1_001.fastq.gz	YA30_S259_L001_R2_001.fastq.gz
SRR41041596	SAMN64011090	YA31	18S	YA31_18S	18S/data	YA31_S260_L001_R1_001.fastq.gz	YA31_S260_L001_R2_001.fastq.gz
SRR41041595	SAMN64011091	YA32	18S	YA32_18S	18S/data	YA32_S261_L001_R1_001.fastq.gz	YA32_S261_L001_R2_001.fastq.gz
SRR41041262	SAMN64011092	YA33	18S	YA33_18S	18S/data	YA33_S262_L001_R1_001.fastq.gz	YA33_S262_L001_R2_001.fastq.gz
SRR41041261	SAMN64011093	YA34	18S	YA34_18S	18S/data	YA34_S263_L001_R1_001.fastq.gz	YA34_S263_L001_R2_001.fastq.gz
SRR41041260	SAMN64011094	YA35	18S	YA35_18S	18S/data	YA35_S264_L001_R1_001.fastq.gz	YA35_S264_L001_R2_001.fastq.gz
SRR41041258	SAMN64011095	YA36	18S	YA36_18S	18S/data	YA36_S265_L001_R1_001.fastq.gz	YA36_S265_L001_R2_001.fastq.gz
SRR41041257	SAMN64011096	YA37	18S	YA37_18S	18S/data	YA37_S266_L001_R1_001.fastq.gz	YA37_S266_L001_R2_001.fastq.gz
SRR41041256	SAMN64011097	YA4	18S	YA4_18S	18S/data	YA4_S233_L001_R1_001.fastq.gz	YA4_S233_L001_R2_001.fastq.gz
SRR41041255	SAMN64011098	YA5	18S	YA5_18S	18S/data	YA5_S234_L001_R1_001.fastq.gz	YA5_S234_L001_R2_001.fastq.gz
SRR41041254	SAMN64011099	YA6	18S	YA6_18S	18S/data	YA6_S235_L001_R1_001.fastq.gz	YA6_S235_L001_R2_001.fastq.gz
SRR41041253	SAMN64011100	YA7	18S	YA7_18S	18S/data	YA7_S236_L001_R1_001.fastq.gz	YA7_S236_L001_R2_001.fastq.gz
SRR41041252	SAMN64011101	YA8	18S	YA8_18S	18S/data	YA8_S237_L001_R1_001.fastq.gz	YA8_S237_L001_R2_001.fastq.gz
SRR41041251	SAMN64011102	YA9	18S	YA9_18S	18S/data	YA9_S238_L001_R1_001.fastq.gz	YA9_S238_L001_R2_001.fastq.gz
SRR41041250	SAMN64011103	YS1	18S	YS1_18S	18S/data	YS1_S119_L001_R1_001.fastq.gz	YS1_S119_L001_R2_001.fastq.gz
SRR41041249	SAMN64011104	YS2	18S	YS2_18S	18S/data	YS2_S120_L001_R1_001.fastq.gz	YS2_S120_L001_R2_001.fastq.gz
SRR41041247	SAMN64011105	YS3	18S	YS3_18S	18S/data	YS3_S121_L001_R1_001.fastq.gz	YS3_S121_L001_R2_001.fastq.gz
SRR41041246	SAMN64011106	YS4	18S	YS4_18S	18S/data	YS4_S122_L001_R1_001.fastq.gz	YS4_S122_L001_R2_001.fastq.gz
SRR41041245	SAMN64011107	YS5	18S	YS5_18S	18S/data	YS5_S123_L001_R1_001.fastq.gz	YS5_S123_L001_R2_001.fastq.gz
SRR41041244	SAMN64011108	YS6	18S	YS6_18S	18S/data	YS6_S124_L001_R1_001.fastq.gz	YS6_S124_L001_R2_001.fastq.gz
SRR41041528	SAMN64010911	GUS1	ITS	GUS1_ITS	raw_data/ITS	GUS1_S145_L001_R1_001.fastq.gz	GUS1_S145_L001_R2_001.fastq.gz
SRR41041527	SAMN64010912	GUS2	ITS	GUS2_ITS	raw_data/ITS	GUS2_S146_L001_R1_001.fastq.gz	GUS2_S146_L001_R2_001.fastq.gz
SRR41041524	SAMN64010913	GUS3	ITS	GUS3_ITS	raw_data/ITS	GUS3_S147_L001_R1_001.fastq.gz	GUS3_S147_L001_R2_001.fastq.gz
SRR41041523	SAMN64010914	GUS4	ITS	GUS4_ITS	raw_data/ITS	GUS4_S148_L001_R1_001.fastq.gz	GUS4_S148_L001_R2_001.fastq.gz
SRR41041522	SAMN64010915	GUS5	ITS	GUS5_ITS	raw_data/ITS	GUS5_S149_L001_R1_001.fastq.gz	GUS5_S149_L001_R2_001.fastq.gz
SRR41041521	SAMN64010916	GUS6	ITS	GUS6_ITS	raw_data/ITS	GUS6_S150_L001_R1_001.fastq.gz	GUS6_S150_L001_R2_001.fastq.gz
SRR41041520	SAMN64010917	PAA1	ITS	PAA1_ITS	raw_data/ITS	PAA1_S193_L001_R1_001.fastq.gz	PAA1_S193_L001_R2_001.fastq.gz
SRR41041519	SAMN64010918	PAA2	ITS	PAA2_ITS	raw_data/ITS	PAA2_S194_L001_R1_001.fastq.gz	PAA2_S194_L001_R2_001.fastq.gz
SRR41041518	SAMN64010919	PAA3	ITS	PAA3_ITS	raw_data/ITS	PAA3_S195_L001_R1_001.fastq.gz	PAA3_S195_L001_R2_001.fastq.gz
SRR41041517	SAMN64010920	PAA4	ITS	PAA4_ITS	raw_data/ITS	PAA4_S196_L001_R1_001.fastq.gz	PAA4_S196_L001_R2_001.fastq.gz
SRR41041086	SAMN64010921	PAA5	ITS	PAA5_ITS	raw_data/ITS	PAA5_S284_L001_R1_001.fastq.gz	PAA5_S284_L001_R2_001.fastq.gz
SRR41041085	SAMN64010922	PAA6	ITS	PAA6_ITS	raw_data/ITS	PAA6_S285_L001_R1_001.fastq.gz	PAA6_S285_L001_R2_001.fastq.gz
SRR41041083	SAMN64010923	PAS1	ITS	PAS1_ITS	raw_data/ITS	PAS1_S125_L001_R1_001.fastq.gz	PAS1_S125_L001_R2_001.fastq.gz
SRR41041082	SAMN64010924	PAS3	ITS	PAS3_ITS	raw_data/ITS	PAS3_S127_L001_R1_001.fastq.gz	PAS3_S127_L001_R2_001.fastq.gz
SRR41041081	SAMN64010925	PAS4	ITS	PAS4_ITS	raw_data/ITS	PAS4_S128_L001_R1_001.fastq.gz	PAS4_S128_L001_R2_001.fastq.gz
SRR41041079	SAMN64010927	PNA1	ITS	PNA1_ITS	raw_data/ITS	PNA1_S274_L001_R1_001.fastq.gz	PNA1_S274_L001_R2_001.fastq.gz
SRR41041078	SAMN64010928	PNA2	ITS	PNA2_ITS	raw_data/ITS	PNA2_S275_L001_R1_001.fastq.gz	PNA2_S275_L001_R2_001.fastq.gz
SRR41041077	SAMN64010929	PNA3	ITS	PNA3_ITS	raw_data/ITS	PNA3_S276_L001_R1_001.fastq.gz	PNA3_S276_L001_R2_001.fastq.gz
SRR41041076	SAMN64010930	PNA4	ITS	PNA4_ITS	raw_data/ITS	PNA4_S277_L001_R1_001.fastq.gz	PNA4_S277_L001_R2_001.fastq.gz
SRR41041075	SAMN64010931	PNA5	ITS	PNA5_ITS	raw_data/ITS	PNA5_S286_L001_R1_001.fastq.gz	PNA5_S286_L001_R2_001.fastq.gz
SRR41041074	SAMN64010932	PNA6	ITS	PNA6_ITS	raw_data/ITS	PNA6_S287_L001_R1_001.fastq.gz	PNA6_S287_L001_R2_001.fastq.gz
SRR41041681	SAMN64010933	PNS1	ITS	PNS1_ITS	raw_data/ITS	PNS1_S141_L001_R1_001.fastq.gz	PNS1_S141_L001_R2_001.fastq.gz
SRR41041680	SAMN64010934	PNS2	ITS	PNS2_ITS	raw_data/ITS	PNS2_S142_L001_R1_001.fastq.gz	PNS2_S142_L001_R2_001.fastq.gz
SRR41041679	SAMN64010935	PNS3	ITS	PNS3_ITS	raw_data/ITS	PNS3_S143_L001_R1_001.fastq.gz	PNS3_S143_L001_R2_001.fastq.gz
SRR41041678	SAMN64010936	PNS4	ITS	PNS4_ITS	raw_data/ITS	PNS4_S144_L001_R1_001.fastq.gz	PNS4_S144_L001_R2_001.fastq.gz
SRR41041677	SAMN64010937	PVA1	ITS	PVA1_ITS	raw_data/ITS	PVA1_S197_L001_R1_001.fastq.gz	PVA1_S197_L001_R2_001.fastq.gz
SRR41041676	SAMN64010938	PVA2	ITS	PVA2_ITS	raw_data/ITS	PVA2_S267_L001_R1_001.fastq.gz	PVA2_S267_L001_R2_001.fastq.gz
SRR41041675	SAMN64010939	PVA3	ITS	PVA3_ITS	raw_data/ITS	PVA3_S268_L001_R1_001.fastq.gz	PVA3_S268_L001_R2_001.fastq.gz
SRR41041674	SAMN64010940	PVA4	ITS	PVA4_ITS	raw_data/ITS	PVA4_S269_L001_R1_001.fastq.gz	PVA4_S269_L001_R2_001.fastq.gz
SRR41041673	SAMN64010941	PVA5	ITS	PVA5_ITS	raw_data/ITS	PVA5_S290_L001_R1_001.fastq.gz	PVA5_S290_L001_R2_001.fastq.gz
SRR41041672	SAMN64010942	PVA6	ITS	PVA6_ITS	raw_data/ITS	PVA6_S291_L001_R1_001.fastq.gz	PVA6_S291_L001_R2_001.fastq.gz
SRR41041669	SAMN64010943	PVS1	ITS	PVS1_ITS	raw_data/ITS	PVS1_S129_L001_R1_001.fastq.gz	PVS1_S129_L001_R2_001.fastq.gz
SRR41041516	SAMN64010944	PVS2	ITS	PVS2_ITS	raw_data/ITS	PVS2_S130_L001_R1_001.fastq.gz	PVS2_S130_L001_R2_001.fastq.gz
SRR41041515	SAMN64010945	PVS3	ITS	PVS3_ITS	raw_data/ITS	PVS3_S131_L001_R1_001.fastq.gz	PVS3_S131_L001_R2_001.fastq.gz
SRR41041514	SAMN64010946	PVS4	ITS	PVS4_ITS	raw_data/ITS	PVS4_S132_L001_R1_001.fastq.gz	PVS4_S132_L001_R2_001.fastq.gz
SRR41041513	SAMN64010947	PWA1	ITS	PWA1_ITS	raw_data/ITS	PWA1_S270_L001_R1_001.fastq.gz	PWA1_S270_L001_R2_001.fastq.gz
SRR41041512	SAMN64010948	PWA2	ITS	PWA2_ITS	raw_data/ITS	PWA2_S271_L001_R1_001.fastq.gz	PWA2_S271_L001_R2_001.fastq.gz
SRR41041511	SAMN64010949	PWA3	ITS	PWA3_ITS	raw_data/ITS	PWA3_S272_L001_R1_001.fastq.gz	PWA3_S272_L001_R2_001.fastq.gz
SRR41041510	SAMN64010950	PWA4	ITS	PWA4_ITS	raw_data/ITS	PWA4_S273_L001_R1_001.fastq.gz	PWA4_S273_L001_R2_001.fastq.gz
SRR41041509	SAMN64010951	PWA5	ITS	PWA5_ITS	raw_data/ITS	PWA5_S282_L001_R1_001.fastq.gz	PWA5_S282_L001_R2_001.fastq.gz
SRR41041508	SAMN64010952	PWA6	ITS	PWA6_ITS	raw_data/ITS	PWA6_S283_L001_R1_001.fastq.gz	PWA6_S283_L001_R2_001.fastq.gz
SRR41041506	SAMN64010953	PWS1	ITS	PWS1_ITS	raw_data/ITS	PWS1_S133_L001_R1_001.fastq.gz	PWS1_S133_L001_R2_001.fastq.gz
SRR41041505	SAMN64010954	PWS2	ITS	PWS2_ITS	raw_data/ITS	PWS2_S134_L001_R1_001.fastq.gz	PWS2_S134_L001_R2_001.fastq.gz
SRR41041504	SAMN64010955	PWS3	ITS	PWS3_ITS	raw_data/ITS	PWS3_S135_L001_R1_001.fastq.gz	PWS3_S135_L001_R2_001.fastq.gz
SRR41041503	SAMN64010956	PWS4	ITS	PWS4_ITS	raw_data/ITS	PWS4_S136_L001_R1_001.fastq.gz	PWS4_S136_L001_R2_001.fastq.gz
SRR41041080	SAMN64010926	PatCB1	ITS	PatCB1_ITS	raw_data/ITS	PatCB1_S292_L001_R1_001.fastq.gz	PatCB1_S292_L001_R2_001.fastq.gz
SRR41041502	SAMN64010957	RA1	ITS	RA1_ITS	raw_data/ITS	RA1_S198_L001_R1_001.fastq.gz	RA1_S198_L001_R2_001.fastq.gz
SRR41041501	SAMN64010958	RA10	ITS	RA10_ITS	raw_data/ITS	RA10_S207_L001_R1_001.fastq.gz	RA10_S207_L001_R2_001.fastq.gz
SRR41041500	SAMN64010959	RA11	ITS	RA11_ITS	raw_data/ITS	RA11_S208_L001_R1_001.fastq.gz	RA11_S208_L001_R2_001.fastq.gz
SRR41041499	SAMN64010960	RA12	ITS	RA12_ITS	raw_data/ITS	RA12_S209_L001_R1_001.fastq.gz	RA12_S209_L001_R2_001.fastq.gz
SRR41041498	SAMN64010961	RA13	ITS	RA13_ITS	raw_data/ITS	RA13_S210_L001_R1_001.fastq.gz	RA13_S210_L001_R2_001.fastq.gz
SRR41041497	SAMN64010962	RA14	ITS	RA14_ITS	raw_data/ITS	RA14_S211_L001_R1_001.fastq.gz	RA14_S211_L001_R2_001.fastq.gz
SRR41041495	SAMN64010963	RA15	ITS	RA15_ITS	raw_data/ITS	RA15_S212_L001_R1_001.fastq.gz	RA15_S212_L001_R2_001.fastq.gz
SRR41041494	SAMN64010964	RA16	ITS	RA16_ITS	raw_data/ITS	RA16_S213_L001_R1_001.fastq.gz	RA16_S213_L001_R2_001.fastq.gz
SRR41041493	SAMN64010965	RA17	ITS	RA17_ITS	raw_data/ITS	RA17_S214_L001_R1_001.fastq.gz	RA17_S214_L001_R2_001.fastq.gz
SRR41041492	SAMN64010966	RA18	ITS	RA18_ITS	raw_data/ITS	RA18_S215_L001_R1_001.fastq.gz	RA18_S215_L001_R2_001.fastq.gz
SRR41041491	SAMN64010967	RA19	ITS	RA19_ITS	raw_data/ITS	RA19_S216_L001_R1_001.fastq.gz	RA19_S216_L001_R2_001.fastq.gz
SRR41041490	SAMN64010968	RA2	ITS	RA2_ITS	raw_data/ITS	RA2_S199_L001_R1_001.fastq.gz	RA2_S199_L001_R2_001.fastq.gz
SRR41041213	SAMN64010969	RA20	ITS	RA20_ITS	raw_data/ITS	RA20_S217_L001_R1_001.fastq.gz	RA20_S217_L001_R2_001.fastq.gz
SRR41041211	SAMN64010970	RA21	ITS	RA21_ITS	raw_data/ITS	RA21_S218_L001_R1_001.fastq.gz	RA21_S218_L001_R2_001.fastq.gz
SRR41041210	SAMN64010971	RA22	ITS	RA22_ITS	raw_data/ITS	RA22_S219_L001_R1_001.fastq.gz	RA22_S219_L001_R2_001.fastq.gz
SRR41041209	SAMN64010972	RA23	ITS	RA23_ITS	raw_data/ITS	RA23_S220_L001_R1_001.fastq.gz	RA23_S220_L001_R2_001.fastq.gz
SRR41041207	SAMN64010973	RA24	ITS	RA24_ITS	raw_data/ITS	RA24_S221_L001_R1_001.fastq.gz	RA24_S221_L001_R2_001.fastq.gz
SRR41041206	SAMN64010974	RA25	ITS	RA25_ITS	raw_data/ITS	RA25_S222_L001_R1_001.fastq.gz	RA25_S222_L001_R2_001.fastq.gz
SRR41041205	SAMN64010975	RA26	ITS	RA26_ITS	raw_data/ITS	RA26_S223_L001_R1_001.fastq.gz	RA26_S223_L001_R2_001.fastq.gz
SRR41041204	SAMN64010976	RA27	ITS	RA27_ITS	raw_data/ITS	RA27_S224_L001_R1_001.fastq.gz	RA27_S224_L001_R2_001.fastq.gz
SRR41041203	SAMN64010977	RA28	ITS	RA28_ITS	raw_data/ITS	RA28_S225_L001_R1_001.fastq.gz	RA28_S225_L001_R2_001.fastq.gz
SRR41041202	SAMN64010978	RA29	ITS	RA29_ITS	raw_data/ITS	RA29_S226_L001_R1_001.fastq.gz	RA29_S226_L001_R2_001.fastq.gz
SRR41041201	SAMN64010979	RA3	ITS	RA3_ITS	raw_data/ITS	RA3_S200_L001_R1_001.fastq.gz	RA3_S200_L001_R2_001.fastq.gz
SRR41041200	SAMN64010980	RA30	ITS	RA30_ITS	raw_data/ITS	RA30_S227_L001_R1_001.fastq.gz	RA30_S227_L001_R2_001.fastq.gz
SRR41041199	SAMN64010981	RA31	ITS	RA31_ITS	raw_data/ITS	RA31_S228_L001_R1_001.fastq.gz	RA31_S228_L001_R2_001.fastq.gz
SRR41041198	SAMN64010982	RA32	ITS	RA32_ITS	raw_data/ITS	RA32_S229_L001_R1_001.fastq.gz	RA32_S229_L001_R2_001.fastq.gz
SRR41041196	SAMN64010983	RA4	ITS	RA4_ITS	raw_data/ITS	RA4_S201_L001_R1_001.fastq.gz	RA4_S201_L001_R2_001.fastq.gz
SRR41041195	SAMN64010984	RA5	ITS	RA5_ITS	raw_data/ITS	RA5_S202_L001_R1_001.fastq.gz	RA5_S202_L001_R2_001.fastq.gz
SRR41041194	SAMN64010985	RA6	ITS	RA6_ITS	raw_data/ITS	RA6_S203_L001_R1_001.fastq.gz	RA6_S203_L001_R2_001.fastq.gz
SRR41041193	SAMN64010986	RA7	ITS	RA7_ITS	raw_data/ITS	RA7_S204_L001_R1_001.fastq.gz	RA7_S204_L001_R2_001.fastq.gz
SRR41041192	SAMN64010987	RA8	ITS	RA8_ITS	raw_data/ITS	RA8_S205_L001_R1_001.fastq.gz	RA8_S205_L001_R2_001.fastq.gz
SRR41041191	SAMN64010988	RA9	ITS	RA9_ITS	raw_data/ITS	RA9_S206_L001_R1_001.fastq.gz	RA9_S206_L001_R2_001.fastq.gz
SRR41041190	SAMN64010989	RS1	ITS	RS1_ITS	raw_data/ITS	RS1_S56_L001_R1_001.fastq.gz	RS1_S56_L001_R2_001.fastq.gz
SRR41041189	SAMN64010990	RS10	ITS	RS10_ITS	raw_data/ITS	RS10_S65_L001_R1_001.fastq.gz	RS10_S65_L001_R2_001.fastq.gz
SRR41041188	SAMN64010991	RS11	ITS	RS11_ITS	raw_data/ITS	RS11_S66_L001_R1_001.fastq.gz	RS11_S66_L001_R2_001.fastq.gz
SRR41041187	SAMN64010992	RS12	ITS	RS12_ITS	raw_data/ITS	RS12_S67_L001_R1_001.fastq.gz	RS12_S67_L001_R2_001.fastq.gz
SRR41041488	SAMN64010993	RS13	ITS	RS13_ITS	raw_data/ITS	RS13_S68_L001_R1_001.fastq.gz	RS13_S68_L001_R2_001.fastq.gz
SRR41041487	SAMN64010994	RS14	ITS	RS14_ITS	raw_data/ITS	RS14_S69_L001_R1_001.fastq.gz	RS14_S69_L001_R2_001.fastq.gz
SRR41041486	SAMN64010995	RS15	ITS	RS15_ITS	raw_data/ITS	RS15_S70_L001_R1_001.fastq.gz	RS15_S70_L001_R2_001.fastq.gz
SRR41041485	SAMN64010996	RS16	ITS	RS16_ITS	raw_data/ITS	RS16_S71_L001_R1_001.fastq.gz	RS16_S71_L001_R2_001.fastq.gz
SRR41041484	SAMN64010997	RS17	ITS	RS17_ITS	raw_data/ITS	RS17_S72_L001_R1_001.fastq.gz	RS17_S72_L001_R2_001.fastq.gz
SRR41041483	SAMN64010998	RS18	ITS	RS18_ITS	raw_data/ITS	RS18_S73_L001_R1_001.fastq.gz	RS18_S73_L001_R2_001.fastq.gz
SRR41041482	SAMN64010999	RS19	ITS	RS19_ITS	raw_data/ITS	RS19_S74_L001_R1_001.fastq.gz	RS19_S74_L001_R2_001.fastq.gz
SRR41041481	SAMN64011000	RS2	ITS	RS2_ITS	raw_data/ITS	RS2_S57_L001_R1_001.fastq.gz	RS2_S57_L001_R2_001.fastq.gz
SRR41041480	SAMN64011001	RS20	ITS	RS20_ITS	raw_data/ITS	RS20_S75_L001_R1_001.fastq.gz	RS20_S75_L001_R2_001.fastq.gz
SRR41041479	SAMN64011002	RS21	ITS	RS21_ITS	raw_data/ITS	RS21_S76_L001_R1_001.fastq.gz	RS21_S76_L001_R2_001.fastq.gz
SRR41041477	SAMN64011003	RS22	ITS	RS22_ITS	raw_data/ITS	RS22_S77_L001_R1_001.fastq.gz	RS22_S77_L001_R2_001.fastq.gz
SRR41041476	SAMN64011004	RS23	ITS	RS23_ITS	raw_data/ITS	RS23_S78_L001_R1_001.fastq.gz	RS23_S78_L001_R2_001.fastq.gz
SRR41041475	SAMN64011005	RS24	ITS	RS24_ITS	raw_data/ITS	RS24_S79_L001_R1_001.fastq.gz	RS24_S79_L001_R2_001.fastq.gz
SRR41041474	SAMN64011006	RS25	ITS	RS25_ITS	raw_data/ITS	RS25_S80_L001_R1_001.fastq.gz	RS25_S80_L001_R2_001.fastq.gz
SRR41041473	SAMN64011007	RS26	ITS	RS26_ITS	raw_data/ITS	RS26_S81_L001_R1_001.fastq.gz	RS26_S81_L001_R2_001.fastq.gz
SRR41041472	SAMN64011008	RS27	ITS	RS27_ITS	raw_data/ITS	RS27_S82_L001_R1_001.fastq.gz	RS27_S82_L001_R2_001.fastq.gz
SRR41041471	SAMN64011009	RS28	ITS	RS28_ITS	raw_data/ITS	RS28_S83_L001_R1_001.fastq.gz	RS28_S83_L001_R2_001.fastq.gz
SRR41041470	SAMN64011010	RS29	ITS	RS29_ITS	raw_data/ITS	RS29_S84_L001_R1_001.fastq.gz	RS29_S84_L001_R2_001.fastq.gz
SRR41041469	SAMN64011011	RS3	ITS	RS3_ITS	raw_data/ITS	RS3_S58_L001_R1_001.fastq.gz	RS3_S58_L001_R2_001.fastq.gz
SRR41041468	SAMN64011012	RS30	ITS	RS30_ITS	raw_data/ITS	RS30_S85_L001_R1_001.fastq.gz	RS30_S85_L001_R2_001.fastq.gz
SRR41041465	SAMN64011013	RS31	ITS	RS31_ITS	raw_data/ITS	RS31_S86_L001_R1_001.fastq.gz	RS31_S86_L001_R2_001.fastq.gz
SRR41041463	SAMN64011014	RS32	ITS	RS32_ITS	raw_data/ITS	RS32_S87_L001_R1_001.fastq.gz	RS32_S87_L001_R2_001.fastq.gz
SRR41041338	SAMN64011015	RS33	ITS	RS33_ITS	raw_data/ITS	RS33_S88_L001_R1_001.fastq.gz	RS33_S88_L001_R2_001.fastq.gz
SRR41041337	SAMN64011016	RS34	ITS	RS34_ITS	raw_data/ITS	RS34_S89_L001_R1_001.fastq.gz	RS34_S89_L001_R2_001.fastq.gz
SRR41041336	SAMN64011017	RS35	ITS	RS35_ITS	raw_data/ITS	RS35_S90_L001_R1_001.fastq.gz	RS35_S90_L001_R2_001.fastq.gz
SRR41041335	SAMN64011018	RS36	ITS	RS36_ITS	raw_data/ITS	RS36_S91_L001_R1_001.fastq.gz	RS36_S91_L001_R2_001.fastq.gz
SRR41041334	SAMN64011019	RS37	ITS	RS37_ITS	raw_data/ITS	RS37_S92_L001_R1_001.fastq.gz	RS37_S92_L001_R2_001.fastq.gz
SRR41041333	SAMN64011020	RS38	ITS	RS38_ITS	raw_data/ITS	RS38_S93_L001_R1_001.fastq.gz	RS38_S93_L001_R2_001.fastq.gz
SRR41041332	SAMN64011021	RS39	ITS	RS39_ITS	raw_data/ITS	RS39_S94_L001_R1_001.fastq.gz	RS39_S94_L001_R2_001.fastq.gz
SRR41041331	SAMN64011022	RS4	ITS	RS4_ITS	raw_data/ITS	RS4_S59_L001_R1_001.fastq.gz	RS4_S59_L001_R2_001.fastq.gz
SRR41041329	SAMN64011023	RS40	ITS	RS40_ITS	raw_data/ITS	RS40_S95_L001_R1_001.fastq.gz	RS40_S95_L001_R2_001.fastq.gz
SRR41041328	SAMN64011024	RS41	ITS	RS41_ITS	raw_data/ITS	RS41_S96_L001_R1_001.fastq.gz	RS41_S96_L001_R2_001.fastq.gz
SRR41041327	SAMN64011025	RS42	ITS	RS42_ITS	raw_data/ITS	RS42_S97_L001_R1_001.fastq.gz	RS42_S97_L001_R2_001.fastq.gz
SRR41041326	SAMN64011026	RS43	ITS	RS43_ITS	raw_data/ITS	RS43_S98_L001_R1_001.fastq.gz	RS43_S98_L001_R2_001.fastq.gz
SRR41041325	SAMN64011027	RS44	ITS	RS44_ITS	raw_data/ITS	RS44_S99_L001_R1_001.fastq.gz	RS44_S99_L001_R2_001.fastq.gz
SRR41041324	SAMN64011028	RS45	ITS	RS45_ITS	raw_data/ITS	RS45_S100_L001_R1_001.fastq.gz	RS45_S100_L001_R2_001.fastq.gz
SRR41041323	SAMN64011029	RS46	ITS	RS46_ITS	raw_data/ITS	RS46_S101_L001_R1_001.fastq.gz	RS46_S101_L001_R2_001.fastq.gz
SRR41041322	SAMN64011030	RS47	ITS	RS47_ITS	raw_data/ITS	RS47_S102_L001_R1_001.fastq.gz	RS47_S102_L001_R2_001.fastq.gz
SRR41041321	SAMN64011031	RS48	ITS	RS48_ITS	raw_data/ITS	RS48_S103_L001_R1_001.fastq.gz	RS48_S103_L001_R2_001.fastq.gz
SRR41041320	SAMN64011032	RS49	ITS	RS49_ITS	raw_data/ITS	RS49_S104_L001_R1_001.fastq.gz	RS49_S104_L001_R2_001.fastq.gz
SRR41041318	SAMN64011033	RS5	ITS	RS5_ITS	raw_data/ITS	RS5_S60_L001_R1_001.fastq.gz	RS5_S60_L001_R2_001.fastq.gz
SRR41041317	SAMN64011034	RS50	ITS	RS50_ITS	raw_data/ITS	RS50_S105_L001_R1_001.fastq.gz	RS50_S105_L001_R2_001.fastq.gz
SRR41041316	SAMN64011035	RS51	ITS	RS51_ITS	raw_data/ITS	RS51_S106_L001_R1_001.fastq.gz	RS51_S106_L001_R2_001.fastq.gz
SRR41041315	SAMN64011036	RS52	ITS	RS52_ITS	raw_data/ITS	RS52_S107_L001_R1_001.fastq.gz	RS52_S107_L001_R2_001.fastq.gz
SRR41041314	SAMN64011037	RS53	ITS	RS53_ITS	raw_data/ITS	RS53_S108_L001_R1_001.fastq.gz	RS53_S108_L001_R2_001.fastq.gz
SRR41041313	SAMN64011038	RS54	ITS	RS54_ITS	raw_data/ITS	RS54_S109_L001_R1_001.fastq.gz	RS54_S109_L001_R2_001.fastq.gz
SRR41041312	SAMN64011039	RS55	ITS	RS55_ITS	raw_data/ITS	RS55_S110_L001_R1_001.fastq.gz	RS55_S110_L001_R2_001.fastq.gz
SRR41041186	SAMN64011040	RS56	ITS	RS56_ITS	raw_data/ITS	RS56_S111_L001_R1_001.fastq.gz	RS56_S111_L001_R2_001.fastq.gz
SRR41041185	SAMN64011041	RS57	ITS	RS57_ITS	raw_data/ITS	RS57_S112_L001_R1_001.fastq.gz	RS57_S112_L001_R2_001.fastq.gz
SRR41041184	SAMN64011042	RS58	ITS	RS58_ITS	raw_data/ITS	RS58_S113_L001_R1_001.fastq.gz	RS58_S113_L001_R2_001.fastq.gz
SRR41041182	SAMN64011043	RS59	ITS	RS59_ITS	raw_data/ITS	RS59_S114_L001_R1_001.fastq.gz	RS59_S114_L001_R2_001.fastq.gz
SRR41041181	SAMN64011044	RS6	ITS	RS6_ITS	raw_data/ITS	RS6_S61_L001_R1_001.fastq.gz	RS6_S61_L001_R2_001.fastq.gz
SRR41041180	SAMN64011045	RS60	ITS	RS60_ITS	raw_data/ITS	RS60_S115_L001_R1_001.fastq.gz	RS60_S115_L001_R2_001.fastq.gz
SRR41041179	SAMN64011046	RS61	ITS	RS61_ITS	raw_data/ITS	RS61_S116_L001_R1_001.fastq.gz	RS61_S116_L001_R2_001.fastq.gz
SRR41041178	SAMN64011047	RS62	ITS	RS62_ITS	raw_data/ITS	RS62_S117_L001_R1_001.fastq.gz	RS62_S117_L001_R2_001.fastq.gz
SRR41041177	SAMN64011048	RS63	ITS	RS63_ITS	raw_data/ITS	RS63_S118_L001_R1_001.fastq.gz	RS63_S118_L001_R2_001.fastq.gz
SRR41041176	SAMN64011049	RS7	ITS	RS7_ITS	raw_data/ITS	RS7_S62_L001_R1_001.fastq.gz	RS7_S62_L001_R2_001.fastq.gz
SRR41041175	SAMN64011050	RS8	ITS	RS8_ITS	raw_data/ITS	RS8_S63_L001_R1_001.fastq.gz	RS8_S63_L001_R2_001.fastq.gz
SRR41041174	SAMN64011051	RS9	ITS	RS9_ITS	raw_data/ITS	RS9_S64_L001_R1_001.fastq.gz	RS9_S64_L001_R2_001.fastq.gz
SRR41041173	SAMN64011052	RSW1	ITS	RSW1_ITS	raw_data/ITS	RSW1_S294_L001_R1_001.fastq.gz	RSW1_S294_L001_R2_001.fastq.gz
SRR41041171	SAMN64011053	RSW2	ITS	RSW2_ITS	raw_data/ITS	RSW2_S295_L001_R1_001.fastq.gz	RSW2_S295_L001_R2_001.fastq.gz
SRR41041170	SAMN64011054	RSW3	ITS	RSW3_ITS	raw_data/ITS	RSW3_S296_L001_R1_001.fastq.gz	RSW3_S296_L001_R2_001.fastq.gz
SRR41041169	SAMN64011055	RSW4	ITS	RSW4_ITS	raw_data/ITS	RSW4_S297_L001_R1_001.fastq.gz	RSW4_S297_L001_R2_001.fastq.gz
SRR41041168	SAMN64011056	SGA1	ITS	SGA1_ITS	raw_data/ITS	SGA1_S278_L001_R1_001.fastq.gz	SGA1_S278_L001_R2_001.fastq.gz
SRR41041167	SAMN64011057	SGA2	ITS	SGA2_ITS	raw_data/ITS	SGA2_S279_L001_R1_001.fastq.gz	SGA2_S279_L001_R2_001.fastq.gz
SRR41041166	SAMN64011058	SGA3	ITS	SGA3_ITS	raw_data/ITS	SGA3_S280_L001_R1_001.fastq.gz	SGA3_S280_L001_R2_001.fastq.gz
SRR41041165	SAMN64011059	SGA4	ITS	SGA4_ITS	raw_data/ITS	SGA4_S281_L001_R1_001.fastq.gz	SGA4_S281_L001_R2_001.fastq.gz
SRR41041164	SAMN64011060	SGA5	ITS	SGA5_ITS	raw_data/ITS	SGA5_S288_L001_R1_001.fastq.gz	SGA5_S288_L001_R2_001.fastq.gz
SRR41041163	SAMN64011061	SGA6	ITS	SGA6_ITS	raw_data/ITS	SGA6_S289_L001_R1_001.fastq.gz	SGA6_S289_L001_R2_001.fastq.gz
SRR41041162	SAMN64011062	SGS1	ITS	SGS1_ITS	raw_data/ITS	SGS1_S137_L001_R1_001.fastq.gz	SGS1_S137_L001_R2_001.fastq.gz
SRR41041160	SAMN64011063	SGS2	ITS	SGS2_ITS	raw_data/ITS	SGS2_S138_L001_R1_001.fastq.gz	SGS2_S138_L001_R2_001.fastq.gz
SRR41041464	SAMN64011064	SGS3	ITS	SGS3_ITS	raw_data/ITS	SGS3_S139_L001_R1_001.fastq.gz	SGS3_S139_L001_R2_001.fastq.gz
SRR41041462	SAMN64011065	SGS4	ITS	SGS4_ITS	raw_data/ITS	SGS4_S140_L001_R1_001.fastq.gz	SGS4_S140_L001_R2_001.fastq.gz
SRR41041461	SAMN64011066	YA1	ITS	YA1_ITS	raw_data/ITS	YA1_S230_L001_R1_001.fastq.gz	YA1_S230_L001_R2_001.fastq.gz
SRR41041460	SAMN64011067	YA10	ITS	YA10_ITS	raw_data/ITS	YA10_S239_L001_R1_001.fastq.gz	YA10_S239_L001_R2_001.fastq.gz
SRR41041459	SAMN64011068	YA11	ITS	YA11_ITS	raw_data/ITS	YA11_S240_L001_R1_001.fastq.gz	YA11_S240_L001_R2_001.fastq.gz
SRR41041458	SAMN64011069	YA12	ITS	YA12_ITS	raw_data/ITS	YA12_S241_L001_R1_001.fastq.gz	YA12_S241_L001_R2_001.fastq.gz
SRR41041457	SAMN64011070	YA13	ITS	YA13_ITS	raw_data/ITS	YA13_S242_L001_R1_001.fastq.gz	YA13_S242_L001_R2_001.fastq.gz
SRR41041456	SAMN64011071	YA14	ITS	YA14_ITS	raw_data/ITS	YA14_S243_L001_R1_001.fastq.gz	YA14_S243_L001_R2_001.fastq.gz
SRR41041455	SAMN64011072	YA15	ITS	YA15_ITS	raw_data/ITS	YA15_S244_L001_R1_001.fastq.gz	YA15_S244_L001_R2_001.fastq.gz
SRR41041453	SAMN64011073	YA16	ITS	YA16_ITS	raw_data/ITS	YA16_S245_L001_R1_001.fastq.gz	YA16_S245_L001_R2_001.fastq.gz
SRR41041452	SAMN64011074	YA17	ITS	YA17_ITS	raw_data/ITS	YA17_S246_L001_R1_001.fastq.gz	YA17_S246_L001_R2_001.fastq.gz
SRR41041451	SAMN64011075	YA18	ITS	YA18_ITS	raw_data/ITS	YA18_S247_L001_R1_001.fastq.gz	YA18_S247_L001_R2_001.fastq.gz
SRR41041450	SAMN64011076	YA19	ITS	YA19_ITS	raw_data/ITS	YA19_S248_L001_R1_001.fastq.gz	YA19_S248_L001_R2_001.fastq.gz
SRR41041449	SAMN64011077	YA2	ITS	YA2_ITS	raw_data/ITS	YA2_S231_L001_R1_001.fastq.gz	YA2_S231_L001_R2_001.fastq.gz
SRR41041448	SAMN64011078	YA20	ITS	YA20_ITS	raw_data/ITS	YA20_S249_L001_R1_001.fastq.gz	YA20_S249_L001_R2_001.fastq.gz
SRR41041447	SAMN64011079	YA21	ITS	YA21_ITS	raw_data/ITS	YA21_S250_L001_R1_001.fastq.gz	YA21_S250_L001_R2_001.fastq.gz
SRR41041446	SAMN64011080	YA22	ITS	YA22_ITS	raw_data/ITS	YA22_S251_L001_R1_001.fastq.gz	YA22_S251_L001_R2_001.fastq.gz
SRR41041445	SAMN64011081	YA23	ITS	YA23_ITS	raw_data/ITS	YA23_S252_L001_R1_001.fastq.gz	YA23_S252_L001_R2_001.fastq.gz
SRR41041444	SAMN64011082	YA24	ITS	YA24_ITS	raw_data/ITS	YA24_S253_L001_R1_001.fastq.gz	YA24_S253_L001_R2_001.fastq.gz
SRR41041442	SAMN64011083	YA25	ITS	YA25_ITS	raw_data/ITS	YA25_S254_L001_R1_001.fastq.gz	YA25_S254_L001_R2_001.fastq.gz
SRR41041441	SAMN64011084	YA26	ITS	YA26_ITS	raw_data/ITS	YA26_S255_L001_R1_001.fastq.gz	YA26_S255_L001_R2_001.fastq.gz
SRR41041440	SAMN64011085	YA27	ITS	YA27_ITS	raw_data/ITS	YA27_S256_L001_R1_001.fastq.gz	YA27_S256_L001_R2_001.fastq.gz
SRR41041439	SAMN64011086	YA28	ITS	YA28_ITS	raw_data/ITS	YA28_S257_L001_R1_001.fastq.gz	YA28_S257_L001_R2_001.fastq.gz
SRR41041438	SAMN64011087	YA29	ITS	YA29_ITS	raw_data/ITS	YA29_S258_L001_R1_001.fastq.gz	YA29_S258_L001_R2_001.fastq.gz
SRR41041437	SAMN64011088	YA3	ITS	YA3_ITS	raw_data/ITS	YA3_S232_L001_R1_001.fastq.gz	YA3_S232_L001_R2_001.fastq.gz
SRR41041436	SAMN64011089	YA30	ITS	YA30_ITS	raw_data/ITS	YA30_S259_L001_R1_001.fastq.gz	YA30_S259_L001_R2_001.fastq.gz
SRR41041670	SAMN64011090	YA31	ITS	YA31_ITS	raw_data/ITS	YA31_S260_L001_R1_001.fastq.gz	YA31_S260_L001_R2_001.fastq.gz
SRR41041668	SAMN64011091	YA32	ITS	YA32_ITS	raw_data/ITS	YA32_S261_L001_R1_001.fastq.gz	YA32_S261_L001_R2_001.fastq.gz
SRR41041667	SAMN64011092	YA33	ITS	YA33_ITS	raw_data/ITS	YA33_S262_L001_R1_001.fastq.gz	YA33_S262_L001_R2_001.fastq.gz
SRR41041665	SAMN64011093	YA34	ITS	YA34_ITS	raw_data/ITS	YA34_S263_L001_R1_001.fastq.gz	YA34_S263_L001_R2_001.fastq.gz
SRR41041664	SAMN64011094	YA35	ITS	YA35_ITS	raw_data/ITS	YA35_S264_L001_R1_001.fastq.gz	YA35_S264_L001_R2_001.fastq.gz
SRR41041663	SAMN64011095	YA36	ITS	YA36_ITS	raw_data/ITS	YA36_S265_L001_R1_001.fastq.gz	YA36_S265_L001_R2_001.fastq.gz
SRR41041662	SAMN64011096	YA37	ITS	YA37_ITS	raw_data/ITS	YA37_S266_L001_R1_001.fastq.gz	YA37_S266_L001_R2_001.fastq.gz
SRR41041661	SAMN64011097	YA4	ITS	YA4_ITS	raw_data/ITS	YA4_S233_L001_R1_001.fastq.gz	YA4_S233_L001_R2_001.fastq.gz
SRR41041660	SAMN64011098	YA5	ITS	YA5_ITS	raw_data/ITS	YA5_S234_L001_R1_001.fastq.gz	YA5_S234_L001_R2_001.fastq.gz
SRR41041659	SAMN64011099	YA6	ITS	YA6_ITS	raw_data/ITS	YA6_S235_L001_R1_001.fastq.gz	YA6_S235_L001_R2_001.fastq.gz
SRR41041658	SAMN64011100	YA7	ITS	YA7_ITS	raw_data/ITS	YA7_S236_L001_R1_001.fastq.gz	YA7_S236_L001_R2_001.fastq.gz
SRR41041657	SAMN64011101	YA8	ITS	YA8_ITS	raw_data/ITS	YA8_S237_L001_R1_001.fastq.gz	YA8_S237_L001_R2_001.fastq.gz
SRR41041656	SAMN64011102	YA9	ITS	YA9_ITS	raw_data/ITS	YA9_S238_L001_R1_001.fastq.gz	YA9_S238_L001_R2_001.fastq.gz
SRR41041654	SAMN64011103	YS1	ITS	YS1_ITS	raw_data/ITS	YS1_S119_L001_R1_001.fastq.gz	YS1_S119_L001_R2_001.fastq.gz
SRR41041653	SAMN64011104	YS2	ITS	YS2_ITS	raw_data/ITS	YS2_S120_L001_R1_001.fastq.gz	YS2_S120_L001_R2_001.fastq.gz
SRR41041652	SAMN64011105	YS3	ITS	YS3_ITS	raw_data/ITS	YS3_S121_L001_R1_001.fastq.gz	YS3_S121_L001_R2_001.fastq.gz
SRR41041651	SAMN64011106	YS4	ITS	YS4_ITS	raw_data/ITS	YS4_S122_L001_R1_001.fastq.gz	YS4_S122_L001_R2_001.fastq.gz
SRR41041650	SAMN64011107	YS5	ITS	YS5_ITS	raw_data/ITS	YS5_S123_L001_R1_001.fastq.gz	YS5_S123_L001_R2_001.fastq.gz
SRR41041649	SAMN64011108	YS6	ITS	YS6_ITS	raw_data/ITS	YS6_S124_L001_R1_001.fastq.gz	YS6_S124_L001_R2_001.fastq.gz
SRR41041243	SAMN64010947	PWA1	shotgun	PWA1_shotgun	shotgun_metagenomics/raw_reads	001_1_PWA1_GMCF3029a_S143_L007_R1_001.fastq.gz	001_1_PWA1_GMCF3029a_S143_L007_R2_001.fastq.gz
SRR41041242	SAMN64010948	PWA2	shotgun	PWA2_shotgun	shotgun_metagenomics/raw_reads	002_2_PWA2_GMCF3029a_S144_L007_R1_001.fastq.gz	002_2_PWA2_GMCF3029a_S144_L007_R2_001.fastq.gz
SRR41041241	SAMN64010949	PWA3	shotgun	PWA3_shotgun	shotgun_metagenomics/raw_reads	003_3_PWA3_GMCF3029a_S145_L007_R1_001.fastq.gz	003_3_PWA3_GMCF3029a_S145_L007_R2_001.fastq.gz
SRR41041240	SAMN64010950	PWA4	shotgun	PWA4_shotgun	shotgun_metagenomics/raw_reads	004_4_PWA4_GMCF3029a_S146_L007_R1_001.fastq.gz	004_4_PWA4_GMCF3029a_S146_L007_R2_001.fastq.gz
SRR41041239	SAMN64010959	RA11	shotgun	RA11_shotgun	shotgun_metagenomics/raw_reads	007_7_RA11_GMCF3029a_S149_L007_R1_001.fastq.gz	007_7_RA11_GMCF3029a_S149_L007_R2_001.fastq.gz
SRR41041238	SAMN64010962	RA14	shotgun	RA14_shotgun	shotgun_metagenomics/raw_reads	008_8_RA14_GMCF3029a_S150_L007_R1_001.fastq.gz	008_8_RA14_GMCF3029a_S150_L007_R2_001.fastq.gz
SRR41041109	SAMN64010963	RA15	shotgun	RA15_shotgun	shotgun_metagenomics/raw_reads	009_9_RA15_GMCF3029a_S151_L007_R1_001.fastq.gz	009_9_RA15_GMCF3029a_S151_L007_R2_001.fastq.gz
SRR41041108	SAMN64010964	RA16	shotgun	RA16_shotgun	shotgun_metagenomics/raw_reads	010_10_RA16_GMCF3029a_S152_L007_R1_001.fastq.gz	010_10_RA16_GMCF3029a_S152_L007_R2_001.fastq.gz
SRR41041107	SAMN64010965	RA17	shotgun	RA17_shotgun	shotgun_metagenomics/raw_reads	011_11_RA17_GMCF3029a_S153_L007_R1_001.fastq.gz	011_11_RA17_GMCF3029a_S153_L007_R2_001.fastq.gz
SRR41041106	SAMN64010966	RA18	shotgun	RA18_shotgun	shotgun_metagenomics/raw_reads	012_12_RA18_GMCF3029a_S154_L007_R1_001.fastq.gz	012_12_RA18_GMCF3029a_S154_L007_R2_001.fastq.gz
SRR41041105	SAMN64010971	RA22	shotgun	RA22_shotgun	shotgun_metagenomics/raw_reads	013_13_RA22_GMCF3029a_S155_L007_R1_001.fastq.gz	013_13_RA22_GMCF3029a_S155_L007_R2_001.fastq.gz
SRR41041104	SAMN64010972	RA23	shotgun	RA23_shotgun	shotgun_metagenomics/raw_reads	014_14_RA23_GMCF3029a_S156_L007_R1_001.fastq.gz	014_14_RA23_GMCF3029a_S156_L007_R2_001.fastq.gz
SRR41041103	SAMN64010973	RA24	shotgun	RA24_shotgun	shotgun_metagenomics/raw_reads	015_15_RA24_GMCF3029a_S157_L007_R1_001.fastq.gz	015_15_RA24_GMCF3029a_S157_L007_R2_001.fastq.gz
SRR41041102	SAMN64010979	RA3	shotgun	RA3_shotgun	shotgun_metagenomics/raw_reads	005_5_RA3_GMCF3029a_S147_L007_R1_001.fastq.gz	005_5_RA3_GMCF3029a_S147_L007_R2_001.fastq.gz
SRR41041101	SAMN64010987	RA8	shotgun	RA8_shotgun	shotgun_metagenomics/raw_reads	006_6_RA8_GMCF3029a_S148_L007_R1_001.fastq.gz	006_6_RA8_GMCF3029a_S148_L007_R2_001.fastq.gz
