Sample_ID;Sample_ID2;Sampler;Environment;Date;Date 2;Time;Duration_H;Fully resolved;Keep;Replicate;Latitude;Longitude;Average_wind_direction;Average_wind_speed;Minimum_wind_speed;Maximum_wind_speed;Cloud_level_L1;Cloud_level_L2;Sky_coverage_L1;Sky_coverage_L2;Sky_coverage_L3;Relative_humidity;Temperature;Dew_point;Pressure;Solar_radiance;UV
4;4;w1;Marine;12/01/2017;29;13:00;11;Y;Y;N;-54.3;107.1;70;7;2;10;554;1198;3;7;4;85;3;1;993;81;1
5;5;w1;Marine;16/01/2017;34;11:00;12;Y;Y;N;-48;137.6;285;11;6;277;671;1407;3;4;4;88;11;9;993;176;3
6;6;w1;Marine;21/02/2017;75;23:00;109;Y;Y;N;-53.2;-70.9;260;6;0;410;1957;2153;4;5;5;67;11;5;1004;240;4
7;7;w1;Marine;18/01/2017;36;09:00;12;Y;Y;N;-43.8;147.5;238;11;3;333;1121;884;6;4;NA;59;13;5;1014;58;3
10;10;w1;Marine;19/02/2017;75;13:00;10;Y;Y;N;-56.3;-67.3;33;11;2;20;997;2047;5;4;5;85;8;6;982;220;3
13;13;w1;Marine;02/02/2017;50;10:00;12;Y;Y;N;-65.9;158.8;144;4;0;7;381;724;6;6;5;100;-1;-1;982;40;0
17;17;w1;Marine;28/02/2017;79;11:05;11.8;Y;Y;N;-55;-50;244;5;1;10;622;4452;8;6;NA;75;5;1;998;174;1
18;18;w1;Marine;08/02/2017;60;18:00;10;Y;Y;N;-70.2;-159.1;283;3;0;21;168;783;5;6;5;95;0;-1;977;190;0
20;20;w1;Marine;02/02/2017;51;22:00;32;Y;Y;N;-66.2;162.3;101;11;1;286;1137;1498;5;6;5;72;-1;-5;986;267;0
22;22;w1;Marine;18/02/2017;74;14:00;23;Y;Y;N;-59.6;-67.9;94;11;5;18;464;588;6;5;3;83;3;1;986;181;1
24;24;w1;Marine;11/01/2017;26;04:30;9.5;Y;Y;N;-54.8;95.7;212;10;5;14;737;997;3;4;2;67;4;-2;1003;499;1
29;29;w1;Marine;12/02/2017;68;04:00;13;Y;Y;N;-74;-127.4;244;7;0;17;529;1731;5;6;6;85;0;-2;988;73;0
34;34;w1;Marine;20/02/2017;82;11:00;36;Y;Y;N;-56.2;-69.7;282;12;2;409;896;2059;5;4;4;80;9;6;994;225;2
35;35;w1;Marine;28/02/2017;80;22:10;12.33;Y;Y;N;-54.5;-45.4;24;7;1;201;496;1104;7;7;7;91;4;3;992;4;1
36;36;w1;Marine;27/02/2017;78;23:30;11.5;Y;Y;N;-55;-54;226;10;4;14;961;4110;5;6;NA;84;6;3;1000;46;2
37;37;w1;Marine;26/02/2017;76;23:00;12.5;Y;Y;N;-54.8;-61.6;267;15;7;265;4101;4501;5;6;5;79;9;6;998;89;3
38;38;w1;Marine;03/01/2017;13;07:00;9;Y;Y;N;-49.1;63.1;267;15;5;194;676;1672;6;5;NA;81;5;2;1001;334;1
39;39;w1;Marine;16/02/2017;72;16:00;10;Y;Y;N;-67.4;-79.7;173;8;2;14;543;1165;4;7;NA;77;1;-2;993;266;0
40;40;w1;Marine;13/02/2017;70;17:00;12;Y;Y;N;-70;-115.5;235;10;6;170;769;674;7;5;NA;74;0;-4;996;55;NA
42;42;w1;Marine;10/01/2017;25;04:30;9.5;Y;Y;N;-54;88.3;221;7;2;118;931;1808;4;5;3;71;4;5;998;514;1
43;43;w1;Marine;27/02/2017;77;11:30;11.75;Y;Y;N;-55;-54.9;249;11;4;18;813;2392;5;4;NA;81;7;4;1000;287;2
45;45;w1;Marine;04/02/2017;52;06:00;11;Y;Y;N;-67.3;163.5;34;7;1;199;2120;2318;4;5;5;66;-1;-7;990;114;0
49;49;w1;Marine;17/01/2017;35;21:00;12;Y;Y;N;-44.8;145.8;234;17;10;333;881;994;5;3;5;64;13;7;1008;496;3
50;50;w1;Marine;05/02/2017;53;04:00;12;Y;Y;N;-67.1;169;171;3;0;56;1494;2276;5;6;6;68;-1;-6;989;193;-2
55;55;w1;Marine;18/01/2017;37;21:00;12;Y;Y;N;-42.9;147.3;168;5;2;9;917;1040;3;4;2;51;14;4;1016;567;3
57;57;w1;Marine;26/01/2017;41;22:00;12;Y;Y;N;-63;147.1;195;7;2;205;466;1137;6;6;5;84;2;-1;976;261;1
58;58;w1;Marine;17/02/2017;73;02:00;12;Y;Y;N;-65.9;-74.4;25;5;0;353;141;1565;7;7;NA;96;2;1;994;54;1
59;59;w1;Marine;22/12/2016;1;06:00;12;Y;Y;N;-38.1;23.2;278;17;12;21;1423;1089;4;1;NA;52;22;12;1001;581;NA
61;61;w1;Marine;07/02/2017;57;06:00;12;Y;Y;N;-68.8;-177.2;158;6;0;106;447;1119;4;6;5;87;-1;-3;983;27;0
62;62;w1;Marine;28/01/2017;44;22:00;24;Y;Y;N;-67.1;145;193;9;0;406;1247;2314;5;6;#DIV/0!;77;-5;-8;982;277;-4
66;66;w1;Marine;27/01/2017;43;22:00;24;Y;Y;N;-67.1;144.9;130;16;5;391;460;1015;7;7;7;94;-1;-2;982;111;0
69;69;w1;Marine;28/12/2016;6;05:00;25;Y;Y;N;-46.7;38.1;253;12;4;225;840;1064;4;4;1;76;6;2;1009;532;1
70;70;w1;Marine;05/02/2017;54;16:00;12;Y;Y;N;-67.2;176.1;218;12;5;19;565;1110;6;6;6;86;-2;-4;984;96;-1
71;71;w1;Marine;24/12/2016;3;18:00;11;Y;Y;N;-45.1;38;232;17;8;24;860;1782;4;5;5;72;5;1;996;106;2
76;76;w1;Marine;03/01/2017;14;16:00;11;Y;Y;N;-50;65.8;333;16;5;267;101;1343;8;6;5;100;6;6;991;26;2
77;77;w1;Marine;23/12/2016;2;06:00;24;Y;Y;N;-41.8;30.3;335;16;1;449;1275;2519;4;5;4;81;15;16;990;416;6
79;79;w1;Marine;09/02/2017;61;04:00;14;Y;Y;N;-71;-151.8;222;5;2;8;396;1327;4;6;5;97;-1;-1;978;39;0
80;80;w1;Marine;10/02/2017;65;18:00;10;Y;Y;N;-72.9;-128.8;234;39;0;457;2563;3642;6;6;5;86;0;-2;986;295;0
81;81;w1;Marine;09/02/2017;62;18:00;10;Y;Y;N;-71.9;-140.8;252;31;0;474;311;669;6;6;6;100;-1;-1;985;143;0
82;82;w1;Marine;29/01/2017;45;22:00;24;Y;Y;N;-67.1;145;196;11;1;345;1779;1864;4;6;6;81;-2;-11;969;273;0
84;84;w1;Marine;05/02/2017;55;17:00;10;Y;Y;N;-67.2;176.1;218;12;5;19;534;1153;6;5;6;87;-2;-4;985;105;-1
85;85;w1;Marine;24/01/2017;39;00:00;34;Y;Y;N;-51.9;149.5;242;15;2;217;727;1836;5;5;5;77;8;4;985;291;3
86;86;w1;Marine;12/01/2017;28;01:00;12;Y;Y;N;-54.8;102.6;145;6;1;156;471;1160;5;6;4;81;3;0;995;319;0
87;87;w1;Marine;06/01/2017;20;06:30;21.5;Y;Y;N;-50.3;70.4;252;12;0;370;717;2074;5;6;7;87;4;2;994;343;1
89;89;w1;Marine;30/12/2016;8;18:00;11.75;Y;Y;N;-46.2;51.8;310;12;1;313;764;1760;5;6;6;91;7;6;1013;73;2
90;90;w1;Marine;05/01/2017;17;12:00;14;Y;Y;N;-49.4;70.1;275;19;8;170;1060;1317;4;4;5;62;5;-1;987;120;1
91;91;w1;Marine;25/01/2017;40;10:00;12;Y;Y;N;-56.4;149;146;6;0;199;520;1622;5;5;6;89;5;3;981;62;1
92;92;w1;Marine;07/02/2017;58;18:00;11;Y;Y;N;-69.4;-169.5;267;7;2;11;712;864;5;5;3;71;0;-4;980;436;0
93;93;w1;Marine;25/12/2016;4;06:00;12;Y;Y;N;-46.8;37.8;232;13;4;319;790;1411;5;5;5;79;5;2;1006;334;2
94;94;w1;Marine;10/02/2017;64;04:00;14;Y;Y;N;-72.2;-137.9;252;47;0;474;135;556;6;6;5;100;-1;-1;987;42;0
100;100;w1;Marine;11/02/2017;66;04:00;24;Y;Y;N;-73.2;-127.3;259;5;1;182;1145;2683;5;6;6;90;0;-2;985;119;0
101;101;w1;Marine;23/01/2017;38;12:00;12;Y;Y;N;-47.9;150.4;27;12;3;293;291;1204;6;6;5;98;12;11;983;71;3
102;102;w1;Marine;15/02/2017;71;16:00;24;Y;Y;N;-68.5;-89.1;298;3;0;18;790;1005;6;7;4;87;0;-2;992;112;0
105;105;w1;Marine;09/01/2017;23;03:45;11.25;Y;Y;N;-53.1;81.6;293;5;1;7;718;2881;5;5;4;90;3;14;998;545;1
106;106;w1;Marine;31/01/2017;47;22:00;24;Y;Y;N;-65.1;148.4;89;6;2;160;264;994;6;6;5;95;0;-1;977;165;0
107;107;w1;Marine;06/02/2017;56;04:00;12;Y;Y;N;-67.4;-179.9;234;8;2;14;147;743;5;6;5;98;-1;-1;979;46;0
108;108;w1;Marine;04/01/2017;15;03:00;9;Y;Y;N;-50.5;69.6;332;21;8;435;431;3431;6;2;NA;93;6;5;984;324;3
109;109;w1;Marine;05/01/2017;16;03:00;9;Y;Y;N;-49.4;70.2;283;16;6;414;1078;1354;4;4;4;66;6;0;985;421;2
110;110;w1;Marine;13/01/2017;30;00:00;11;Y;Y;N;-53.9;111.2;38;9;3;268;511;1022;3;6;4;90;4;2;992;564;1
111;111;w1;Marine;07/01/2017;21;15:00;13;Y;Y;N;-51.9;72.6;273;9;4;357;569;1410;5;5;5;88;4;2;994;221;1
112;112;w1;Marine;31/12/2016;9;05:45;11.25;Y;Y;N;-46.4;51.8;258;16;1;513;242;365;7;4;NA;77;10;6;1007;430;2
117;117;w1;Marine;19/02/2017;76;23:00;12;Y;Y;N;-56.1;-67.3;279;11;1;22;929;1887;4;5;5;81;9;6;987;25;2
118;118;w1;Marine;30/12/2016;7;06:00;12;Y;Y;N;-46.1;50.6;281;10;1;301;496;2309;4;6;5;89;7;5;1018;408;1
119;119;SAS;Marine;03/01/2017;63;07:00;7.84;Y;Y;N;-49.4;62.9;275;17;14;22;599;587;4;3;NA;77;5;1;1003;718;NA
120;120;w1;Marine;08/02/2017;59;05:00;13;Y;Y;N;-70.1;-160;266;6;0;21;244;790;5;7;5;91;-1;-2;977;126;0
122;122;w1;Marine;08/01/2017;22;04:00;7.5;Y;Y;N;-52.4;74.5;257;9;5;13;1402;2076;1;2;2;85;4;1;995;828;1
123;123;w1;Marine;14/01/2017;31;23:00;12;Y;Y;N;-51.3;125.5;324;9;3;171;479;860;4;4;4;96;8;8;988;373;2
126;126;w1;Marine;01/02/2017;49;22:00;24;Y;Y;N;-65.3;157.7;144;5;0;11;369;796;5;6;5;97;-1;-1;981;176;0
128;128;w1;Marine;30/01/2017;46;22:00;24;Y;Y;N;-66.6;146.2;137;10;2;243;455;884;6;6;5;94;0;-1;971;89;0
130;130;w1;Marine;27/01/2017;42;10:00;12;Y;Y;N;-65.5;146;129;9;3;246;191;1085;6;6;5;95;-1;-1;975;48;0
133;133;SAS;Marine;16/01/2017;69;08:00;10.5;Y;Y;N;-48.4;136.4;283;11;6;17;803;1039;3;3;3;88;10;9;993;161;3
134;134;w1;Marine;01/01/2017;11;05:00;12;Y;Y;N;-46.9;52.6;263;17;4;443;672;2814;6;5;5;86;9;6;1003;260;2
136;136;w1;Marine;09/01/2017;24;15:00;13.5;Y;Y;N;-53.4;83.8;354;3;0;67;571;2287;4;6;6;88;3;10;997;314;1
137;137;w2;Marine;30/12/2016;;06:00;12;Y;Y;N;-46.1;50.6;281;10;1;301;496;2309;4;6;5;89;7;5;1018;408;1
138;138;w1;Marine;02/01/2017;12;04:45;11.25;Y;Y;N;-48.1;58.2;269;16;9;107;539;653;7;5;NA;82;6;3;1001;245;2
139;139;w1;Marine;31/12/2016;10;17:00;12;Y;Y;N;-46.4;51.8;252;7;0;184;660;1753;4;5;5;70;9;3;1010;58;2
140;140;w1;Marine;12/02/2017;68;17:00;24;Y;Y;N;-72.6;-124.2;242;15;4;400;720;1228;6;5;NA;71;0;-5;993;161;-1
141;141;w1;Marine;11/01/2017;27;14:00;11;Y;Y;N;-55.1;98.1;197;8;4;12;640;889;3;3;NA;75;3;-1;1001;97;1
143;143;SAS;Marine;09/01/2017;77;05:15;9.75;Y;Y;N;-53.1;81.6;310;5;1;7;686;2796;5;5;4;92;3;16;998;507;1
241;241;SAS;Marine;23/01/2017;78;12:00;8;Y;Y;N;-43.5;147.8;58;3;0;7;679;580;8;4;#DIV/0!;80;17;13;1007;29;5
252;252;SAS;Marine;15/01/2017;79;23:00;12;Y;Y;N;-49;133.9;285;12;6;254;1811;2192;3;3;2;85;10;8;990;575;9
267;267;SAS;Marine;04/01/2017;80;05:30;9.5;Y;Y;N;-50.6;70;288;21;8;435;523;3431;6;2;NA;91;6;4;984;380;3
280;280;SAS;Marine;05/02/2017;81;16:00;8;Y;Y;N;-67.2;174.9;218;12;5;19;723;1156;6;5;6;83;-2;-4;986;100;-1
282;282;w1;Marine;15/01/2017;32;23:00;12;Y;Y;N;-49;133.9;285;12;6;254;1811;2192;3;3;2;85;10;8;990;575;9
285;285;SAS;Terrestrial;03/02/2017;83;17:00;8;Y;Y;N;-66.5;162.8;86;12;4;205;2156;2749;6;6;#DIV/0!;63;-1;-7;987;247;#DIV/0!
286;286;SAS;Marine;08/01/2017;84;06:00;8.5;Y;Y;N;-52.4;74.7;257;9;4;13;948;2076;3;2;2;86;4;1;996;636;1
287;287;SAS;Marine;23/12/2016;85;06:00;5;Y;Y;N;-39.9;28.8;343;18;7;449;2851;3961;1;2;2;79;19;33;997;830;11
288;288;SAS;Terrestrial;31/01/2017;;03:00;4;Y;Y;N;-67;146;132;11;5;132;175;778;5;7;#DIV/0!;98;0;0;970;111;#DIV/0!
289;289;SAS;Marine;24/12/2016;;06:00;12;Y;Y;N;-44.5;34.7;237;18;12;45;646;699;5;4;3;76;8;4;988;511;4
299;299;w4;Marine;15/01/2017;;11:00;12;Y;Y;N;-50.3;129.4;330;11;6;196;847;2284;4;5;5;92;10;8;987;26;2
300;300;w4;Marine;15/01/2017;;23:00;12;Y;Y;N;-49;133.9;285;12;6;254;1811;2192;3;3;2;85;10;8;990;575;9
304;304;w3;Terrestrial;;;;;N;N;N;;;;;;;;;;;;;;;;;
305;305;SAS;Terrestrial;26/12/2016;;13:30;5;Y;Y;N;-46.9;37.9;311;14;3;274;154;370;7;4;NA;99;7;7;1002;98;NA
306;306;w1;Marine;26/12/2016;5;08:00;35;Y;Y;N;-46.9;37.9;279;16;3;274;681;2093;6;6;6;92;9;8;1001;324;2
307;307;w1;Marine;06/01/2017;19;02:00;4.5;Y;Y;N;-49.4;70.1;260;20;10;150;985;1143;5;5;NA;57;6;-2;991;725;NA
320;320;w3;Terrestrial;04/03/2017;82;13:10;3.84;Y;Y;N;-54.4;-36.1;341;6;1;11;581;630;6;6;6;96;0;0;978;71;0
323;323;w3;Terrestrial;05/01/2017;18;12:45;1;Y;Y;N;-49.4;70.1;274;22;15;29;806;1589;2;3;#DIV/0!;58;7;-1;984;125;#DIV/0!
324;324;SAS;Terrestrial;05/01/2017;;12:45;3;Y;Y;N;-49.4;70.1;270;21;11;29;908;1589;4;3;NA;60;6;-1;984;57;NA
325;325;w3;Terrestrial;13/03/2017;83;08:30;4;Y;Y;N;-54.4;3.6;282;7;3;118;797;#DIV/0!;8;#DIV/0!;#DIV/0!;68;2;-4;1000;176;#DIV/0!
326;326;w3;Marine;16/03/2017;84;10:15;4.75;Y;Y;N;-44;14.1;286;16;5;163;343;805;5;7;#DIV/0!;91;12;10;990;270;2
332;332;w3;Terrestrial;11/02/2017;67;20:00;4.5;Y;Y;N;-73.2;-127;262;8;2;182;567;3454;5;6;#DIV/0!;87;0;-2;985;323;#DIV/0!
334;334;w3;Terrestrial;02/03/2017;81;13:45;4.75;Y;Y;N;-54.3;-36.5;329;7;2;17;1107;#DIV/0!;5;#DIV/0!;#DIV/0!;57;9;1;971;484;3
342;342;SKC;Marine;11/01/2017;;07:40;6.3;Y;Y;N;-54.8;95.7;212;9;5;13;733;541;2;1;NA;68;4;-2;1003;376;1
343;343;SKC;Marine;10/01/2017;;07:40;6.3;Y;Y;N;-54.1;89;193;9;4;118;897;775;4;4;3;74;4;8;999;393;1
344;344;SKC;Marine;29/12/2016;;13:45;2.25;Y;Y;N;-46.3;44.5;266;10;7;13;538;1007;3;7;NA;84;7;4;1018;111;NA
345;345;SKC;Marine;12/01/2017;;03:30;9.5;Y;Y;N;-54.7;103.1;157;6;1;156;416;1234;4;6;4;82;3;0;995;318;1
346;346;SKC;Marine;13/01/2017;;02:30;9.5;Y;Y;N;-53.8;111.9;40;10;3;268;555;1172;3;5;3;90;4;2;992;566;1
347;347;SKC;Marine;03/01/2017;;12:30;2.3;Y;Y;N;-49.7;64.9;290;10;6;13;493;348;8;1;NA;83;5;2;1001;77;NA
348;348;SKC;Marine;09/01/2017;;05:15;9.75;Y;Y;N;-53.1;81.6;310;5;1;7;686;2796;5;5;4;92;3;16;998;507;1
349;349;SKC;Terrestrial;06/01/2017;;08:30;3;Y;Y;N;-49.8;70.4;252;23;10;370;1121;1207;2;6;#DIV/0!;79;5;1;994;705;#DIV/0!
350;350;SKC;Marine;02/01/2017;;10:40;5.3;Y;Y;N;-48.3;59.2;274;17;12;22;613;697;7;5;NA;81;6;3;1000;151;2
351;351;SKC;;23/12/2017;;11:00;0.12;Y;N;N;;;;;;;;;;;;;;;;;
364;364;Coriolis;Marine;02/01/2017;;14:40;0.84;Y;Y;N;-48.5;59.8;271;18;14;22;555;610;4;6;#DIV/0!;84;6;3;1000;26;#DIV/0!
365;365;Coriolis;Marine;20/12/2016;;;0.5;N;N;N;;;;;;;;;;;;;;;;;
366;366;Coriolis;Marine;28/01/2017;;;;N;N;N;;;;;;;;;;;;;;;;;
367;367;Coriolis;Marine;15/01/2017;;05:00;0.84;Y;Y;N;-51.3;125.6;354;7;4;12;937;#DIV/0!;7;#DIV/0!;#DIV/0!;96;8;7;988;308;#DIV/0!
368;368;Coriolis;Marine;22/12/2016;;11:00;0.84;Y;N;N;NA;NA;NA;NA;NA;NA;NA;NA;NA;NA;NA;NA;NA;NA;NA;NA;NA
369;369;Coriolis;Marine;10/01/2017;;01:30;0.84;Y;Y;N;-53.6;85.4;171;5;3;6;761;4194;1;7;NA;71;4;-1;997;380;NA
370;370;Coriolis;Marine;18/01/2017;;21:00;0.84;Y;Y;N;-42.9;147.4;168;5;2;8;1088;661;2;1;0;57;12;4;1016;305;NA
371;371;Coriolis;Marine;23/12/2016;;11:00;0.84;Y;N;N;-40.5;29.3;NA;20;12;321;1133;2113;2;2;1;83;19;16;994;497;NA
372;372;Coriolis;Marine;13/01/2017;;06:00;0.84;Y;Y;N;-53.9;111.6;39;19;7;268;623;886;4;5;NA;90;4;2;993;794;1
373;373;Coriolis;Marine;30/12/2016;;11:00;0.84;Y;Y;N;-46.1;50.5;297;10;6;14;324;2440;5;6;6;88;7;5;1019;331;NA
374;374;Coriolis;Marine;06/03/2017;;13:00;1;Y;Y;N;-57;-27.9;346;10;8;13;231;1202;6;6;4;89;1;0;972;418;#DIV/0!
375;375;Coriolis;Marine;07/02/2017;;18:00;1;Y;Y;N;-69.1;-173.3;188;4;2;5;565;NA;1;NA;NA;66;-1;-6;982;165;NA
376;376;Coriolis;Marine;16/01/2017;;05:00;0.84;Y;Y;N;-49;133.9;285;12;8;14;NA;NA;NA;NA;NA;82;10;7;990;847;NA
377;377;Coriolis;Marine;13/02/2017;;17:00;1;Y;Y;N;-70.5;-117.7;232;10;8;13;707;NA;7;NA;NA;69;0;-5;996;54;NA
378;378;Coriolis;Marine;15/01/2017;;05:00;0.84;Y;Y;Y;-51.3;125.6;354;7;4;12;937;#DIV/0!;7;#DIV/0!;#DIV/0!;96;8;7;988;308;#DIV/0!
379;379;Coriolis;Marine;09/01/2017;;05:20;0.84;Y;Y;N;-53.1;80.8;314;6;4;7;751;5437;3;6;NA;87;3;1;999;927;NA
380;380;Coriolis;Marine;09/02/2017;;18:00;1;Y;Y;N;-53.2;82.6;8;3;2;4;327;734;8;4;NA;96;2;1;997;NA;NA
381;381;Coriolis;Marine;15/01/2017;;05:00;0.84;Y;Y;Y;-51.3;125.6;354;7;4;12;937;#DIV/0!;7;#DIV/0!;#DIV/0!;96;8;7;988;308;#DIV/0!
382;382;Coriolis;Marine;11/01/2017;;07:40;0.84;Y;Y;N;-54.8;95.7;206;10;5;13;922;NA;2;NA;NA;63;4;-3;1003;792;NA
383;383;Coriolis;Marine;12/01/2017;;07:00;0.84;Y;Y;N;-50;130.3;153;10;7;13;544;1619;5;6;4;88;9;7;987;1;NA
384;384;Coriolis;Terrestrial;04/03/2017;;13:10;1;Y;Y;N;-54.4;-36.1;273;5;3;11;394;529;5;6;6;95;0;-1;978;62;#DIV/0!
385;385;Coriolis;Terrestrial;;;;;N;N;N;;;;;;;;;;;;;;;;;
386;386;Coriolis;Marine;01/03/2017;;15:00;1;Y;Y;N;-54;-41.3;5;19;9;344;140;NA;8;NA;NA;101;5;5;980;85;1
387;387;Coriolis;Marine;27/02/2017;;15:30;1;Y;Y;N;-55.1;-57.3;240;12;8;15;566;NA;7;NA;NA;81;8;5;999;346;NA
388;388;Coriolis;Marine;07/03/2017;;;;N;N;N;;;;;;;;;;;;;;;;;
389;389;Coriolis;Marine;02/02/2017;;10:00;1;Y;Y;N;-65.4;157.8;156;4;3;6;717;976;4;5;5;100;-1;-1;981;3;NA
391;391;Coriolis;Marine;02/02/2017;;10:00;1;Y;Y;N;-65.4;157.8;156;4;3;6;717;976;4;5;5;100;-1;-1;981;3;#DIV/0!
392;392;Coriolis;Marine;27/01/2017;;01:00;1;Y;Y;N;-62.5;147.4;183;5;3;6;126;492;8;4;NA;93;2;1;976;326;NA
393;393;Coriolis;Marine;08/03/2017;;;;N;N;N;;;;;;;;;;;;;;;;;
394;394;Coriolis;Marine;05/03/2017;;13:00;1;Y;Y;N;-55.6;-33.4;253;18;14;22;559;310;4;2;NA;79;2;-1;975;427;NA
396;396;Coriolis;Marine;12/02/2017;;18:00;1;Y;Y;N;-73.7;-127.7;276;9;4;14;496;NA;7;NA;NA;83;-1;-3;990;168;NA
397;397;Coriolis;Terrestrial;01/02/2017;;10:15;0.84;Y;Y;N;-65.1;148.5;72;3;2;4;204;1666;7;6;#DIV/0!;96;-1;-1;977;11;#DIV/0!
398;398;Coriolis;Marine;19/02/2017;;13:00;1;Y;Y;N;-62.4;-68;82;10;7;12;578;NA;8;NA;NA;78;3;0;992;145;NA
399;399;Coriolis;Terrestrial;02/03/2017;;13:50;1;Y;Y;N;-54.3;-36.5;215;8;2;15;#DIV/0!;#DIV/0!;#DIV/0!;#DIV/0!;#DIV/0!;52;10;0;972;728;#DIV/0!
400;400;Coriolis;Marine;16/02/2017;;16:00;1;Y;Y;N;-68;-81.9;183;4;3;6;434;1190;1;7;NA;77;1;-2;993;202;NA
401;401;SKC;Marine;12/03/2017;;15:00;2;Y;Y;N;-54.4;3.5;238;9;6;13;1239;NA;8;NA;NA;79;2;-1;998;137;NA
402;402;Coriolis;Marine;17/02/2017;;02:00;1;Y;Y;N;-66.7;-77;179;18;5;353;104;1;8;NA;NA;97;2;2;992;NA;1
404;404;Coriolis;Marine;26/01/2017;;02:00;1;Y;Y;N;-58.8;148.7;315;3;1;5;572;641;3;6;4;82;5;2;982;754;NA
407;407;SKC;Marine;14/03/2017;;10:20;6;Y;Y;N;-50.2;7.9;181;9;6;120;760;NA;8;NA;NA;70;3;-2;1002;291;NA
408;408;SKC;Marine;15/03/2017;;10:40;5.6;Y;Y;N;-46.9;11.6;22;15;10;244;124;28;8;1;NA;99;6;6;998;109;2
409;409;Coriolis;Terrestrial;03/02/2017;;23:00;1;Y;Y;N;-66.6;162.6;82;12;8;14;2986;#DIV/0!;7;#DIV/0!;#DIV/0!;60;0;-7;988;374;#DIV/0!
410;410;Coriolis;Terrestrial;29/01/2017;;05:00;1;Y;Y;N;-67.1;145;194;9;5;12;#DIV/0!;#DIV/0!;#DIV/0!;#DIV/0!;#DIV/0!;73;-2;-6;969;489;#DIV/0!
347a;347a;SKC;;03/01/2017;;12:30;2.3;Y;Y;Y;-49.7;64.9;290;10;6;13;493;348;8;1;NA;83;5;2;1001;77;NA
350a;350a;SKC;;02/01/2017;;10:40;5.3;Y;Y;Y;-48.3;59.2;274;17;12;22;613;697;7;5;NA;81;6;3;1000;151;2
385a;385a;Coriolis;Terrestrial;;;;;N;N;Y;;;;;;;;;;;;;;;;;
386a;386a;Coriolis;Marine;01/03/2017;;15:00;1;Y;Y;Y;-54;-41.3;5;19;9;344;140;NA;8;NA;NA;101;5;5;980;85;1
387a;387a;Coriolis;Marine;27/02/2017;;15:30;1;Y;Y;Y;-55.1;-57.3;240;12;8;15;566;NA;7;NA;NA;81;8;5;999;346;NA
73;73;NEG;NEG1;NEG;NEG;NEG;NEG;NEG;NEG;NEG;NEG;NEG;NEG;NEG;NEG;NEG;NEG;NEG;NEG;NEG;NEG;NEG;NEG;NEG;NEG;NEG;NEG
125;125;NEG;NEG1;NEG;NEG;NEG;NEG;NEG;NEG;NEG;NEG;NEG;NEG;NEG;NEG;NEG;NEG;NEG;NEG;NEG;NEG;NEG;NEG;NEG;NEG;NEG;NEG
301;301;NEG;NEG1;NEG;NEG;NEG;NEG;NEG;NEG;NEG;NEG;NEG;NEG;NEG;NEG;NEG;NEG;NEG;NEG;NEG;NEG;NEG;NEG;NEG;NEG;NEG;NEG
340;340;NEG;NEG1;NEG;NEG;NEG;NEG;NEG;NEG;NEG;NEG;NEG;NEG;NEG;NEG;NEG;NEG;NEG;NEG;NEG;NEG;NEG;NEG;NEG;NEG;NEG;NEG
412;412;NEG;NEG1;NEG;NEG;NEG;NEG;NEG;NEG;NEG;NEG;NEG;NEG;NEG;NEG;NEG;NEG;NEG;NEG;NEG;NEG;NEG;NEG;NEG;NEG;NEG;NEG
NUNEG1;NUNEG1;NEG;NEG;NEG;NEG;NEG;NEG;NEG;NEG;NEG;NEG;NEG;NEG;NEG;NEG;NEG;NEG;NEG;NEG;NEG;NEG;NEG;NEG;NEG;NEG;NEG;NEG
NUNEG2;NUNEG2;NEG;NEG;NEG;NEG;NEG;NEG;NEG;NEG;NEG;NEG;NEG;NEG;NEG;NEG;NEG;NEG;NEG;NEG;NEG;NEG;NEG;NEG;NEG;NEG;NEG;NEG
NUNEG3;NUNEG3;NEG;NEG;NEG;NEG;NEG;NEG;NEG;NEG;NEG;NEG;NEG;NEG;NEG;NEG;NEG;NEG;NEG;NEG;NEG;NEG;NEG;NEG;NEG;NEG;NEG;NEG
C11;C11;PPT1;Marine Precipitation;02/01/2017;D12-13;04:00;24;na;na;na;-48.5;60.1;263;17;9;187;578;804;7;5;NA;82;5;3;1001;208;1
C12;C12;PPT2;Marine Precipitation;02/01/2017;D12-13;04:00;24;na;na;na;-48.5;60.1;263;17;9;187;578;804;7;5;NA;82;5;3;1001;208;1
D1;D1;PPT3;Marine Precipitation;02/01/2017;D12-13;04:00;24;na;na;na;-48.5;60.1;263;17;9;187;578;804;7;5;NA;82;5;3;1001;208;1
D5;D5;PPT4 WASH FILTER UNIT WASH;Marine Precipitation;04/01/2017;D15.4;03:00;24;na;na;na;-50.2;70.4;332;18;6;435;726;1485;5;3;3;82;6;3;984;293;3
C8;C8;PPT5 1L;Marine Precipitation;07/01/2017;D17-18;15:00;12;na;na;na;-51.9;72.5;273;9;4;357;560;1396;5;5;5;89;4;2;994;146;1
D4;D4;PPT6 6-7/1/16 O/N ROUGHT ATM.GP;Marine Precipitation;07/01/2017;D17-18;15:00;12;na;na;na;-51.9;72.5;273;9;4;357;560;1396;5;5;5;89;4;2;994;146;1
C10;C10;PPT7;Marine Precipitation;16/01/2017;D27;11:00;11;na;na;na;-47.1;141.3;285;12;7;18;905;1768;3;4;4;84;11;9;994;574;2
H11;H11;POS;POS;POS;POS;POS;POS;POS;POS;POS;POS;POS;POS;POS;POS;POS;POS;POS;POS;POS;POS;POS;POS;POS;POS;POS;POS
H12;H12;NEG;NEG;NEG;NEG;NEG;NEG;NEG;NEG;NEG;NEG;NEG;NEG;NEG;NEG;NEG;NEG;NEG;NEG;NEG;NEG;NEG;NEG;NEG;NEG;NEG;NEG
